assignment,x,is_deliver,purchase
0.0,0.017285607536975375,0.0,10563.182011172748
1.0,-0.03792138830127059,1.0,8861.781424029004
1.0,0.056102973279357066,0.0,11450.231477372785
1.0,-0.21358310514437223,0.0,8357.833100556662
0.0,0.02323732513747169,0.0,10755.016506898563
0.0,0.0028126309552960354,0.0,9887.109546666748
1.0,-0.1370340246561741,1.0,9763.129997445187
1.0,0.21755979241438617,1.0,11536.532316677589
0.0,-0.1387413231554587,0.0,8392.00491472158
0.0,-0.10775204968476604,0.0,7491.0818928261515
1.0,-0.12008631075528253,0.0,7780.2381950844765
0.0,0.11103678017586877,0.0,11109.457823029443
0.0,-0.08880848611591907,0.0,7488.704582071946
1.0,0.0668656412964213,0.0,10522.70900484822
0.0,0.05875101525212513,0.0,10256.443449445596
0.0,0.02596704110481404,0.0,10988.657258981744
1.0,-0.13075789066569107,0.0,8844.951548492834
1.0,-0.061210637798782046,1.0,10192.909706591447
0.0,0.16731149700340764,0.0,11363.82055670727
0.0,-0.12907543993826184,0.0,9134.011812348286
1.0,-0.08316549603684384,0.0,10104.051949328277
1.0,-0.01622465227803788,1.0,9723.098916679519
1.0,0.08089900720373722,0.0,9251.8173447679
1.0,0.0251639190604869,0.0,9488.41026417371
1.0,0.07420441592953383,0.0,8400.56565162283
0.0,-0.10672942329719948,0.0,8128.965411314647
0.0,0.09447765939160119,0.0,11773.928475443858
1.0,0.05690288165788222,0.0,11547.643216088261
0.0,-0.15945645551236337,0.0,9944.70853031084
0.0,0.15399162079072706,0.0,11596.079528388578
0.0,0.22923978601752576,0.0,12438.79427455348
0.0,-0.07685773571467058,0.0,8623.810645299722
1.0,0.005565281661670331,0.0,9517.331881327793
0.0,0.13974225831075449,0.0,11676.966662782426
0.0,-0.1481240229427202,0.0,9426.936648733434
0.0,-0.19898603190697503,0.0,8431.557164701924
1.0,-0.12969441221999226,1.0,9351.260734148065
0.0,-0.0567066786356067,0.0,9920.519591200267
1.0,-0.05784422119848877,1.0,11234.977417672766
0.0,0.0607347173842596,0.0,9996.918658261744
0.0,0.026853637196305957,0.0,10397.283344731888
1.0,-0.12460772646690635,1.0,7538.260682287482
0.0,0.05673799700888535,0.0,10695.131531211318
0.0,0.18740813416812044,0.0,11127.86726785907
0.0,0.11970542790702832,0.0,14564.22995498896
0.0,0.09911074476835426,0.0,10337.093223337753
0.0,0.0020177928521369856,0.0,10471.895126705067
1.0,0.09836313946445513,1.0,12176.80862099006
1.0,-0.09661328199695762,0.0,8146.892001263261
1.0,0.07510146370030524,1.0,10908.01140394998
0.0,-0.008724841948114659,0.0,9038.146971558559
1.0,0.11309056978794503,1.0,11546.049049026013
0.0,0.046601055125786675,0.0,9681.733838999975
1.0,-0.10898797857123524,1.0,9889.342934426897
1.0,0.012799295347351023,0.0,8720.525757064106
0.0,0.1218221469811786,0.0,11719.920943160258
1.0,-0.11292338850667993,0.0,8888.034202559935
0.0,-0.055913987818466585,0.0,7421.539457477203
0.0,-0.07686730083877419,0.0,10961.291531057286
1.0,-0.1495645940445761,1.0,8136.851917874911
0.0,0.09612682752696962,0.0,10677.681182484122
1.0,0.1310997302986027,1.0,12536.592207271902
0.0,0.08000432070570264,0.0,9865.224499869693
0.0,0.024257031543727606,0.0,9440.447854450094
0.0,-0.005203138431445749,0.0,9890.400439305135
1.0,0.02393803005246555,0.0,9331.79200856999
0.0,-0.07315559170910789,0.0,9347.148734938644
1.0,0.0893845600451672,0.0,12151.40405682206
0.0,0.10454923240383854,0.0,10001.67949870982
1.0,0.09325435340039069,1.0,9621.740526215845
1.0,-0.05309482177187938,1.0,10179.21381246737
1.0,0.007840434194680264,0.0,10462.221184123116
0.0,-0.016578081897935467,0.0,10488.832254778237
0.0,0.1788574787967336,0.0,10662.057717432166
1.0,0.017969620192256116,0.0,7783.44051435566
1.0,-0.18820708939303965,0.0,8982.504706709668
1.0,0.03985056508310734,0.0,11095.086948368027
0.0,0.18822662490709863,0.0,13384.640354686415
0.0,0.06851757162225668,0.0,9691.086371449055
0.0,0.08794797100462112,0.0,11425.155670460586
0.0,0.0036061266848903327,0.0,11029.186651137723
1.0,-0.19713894861851833,1.0,9287.700889106813
1.0,-0.1810257754052936,0.0,9231.486742435905
1.0,-0.12459477747358844,0.0,10172.329339687883
0.0,-0.012683203703972697,0.0,10435.585321694352
1.0,0.030999849649131297,0.0,10830.76341703093
1.0,0.06894141521395217,0.0,11413.996654216357
0.0,-0.03404580427647237,0.0,9375.385666845154
0.0,0.09569292584110888,0.0,9487.398166985677
1.0,-0.027974875837962234,0.0,8767.556312885446
1.0,-0.07044895153470392,0.0,9093.97187542977
1.0,0.08516417154449,0.0,9975.39582019507
1.0,-0.09144449831041732,0.0,10094.18123413532
1.0,-0.2729084930821099,0.0,6837.254226531794
1.0,-0.10599567589478986,0.0,8803.796251099395
1.0,0.009415954550289733,0.0,8291.463783563446
0.0,-0.3080177759049658,0.0,7295.131957478132
0.0,-0.035713804617857656,0.0,8911.805107997325
1.0,-0.03320903587630098,1.0,12101.534625028073
1.0,-0.14264559689692793,0.0,6819.68268303104
0.0,-0.14825034645978075,0.0,8820.126734484915
1.0,-0.046246194809927546,0.0,9106.969036767723
1.0,-0.054710016963481205,1.0,10814.70472183222
1.0,0.1259918509391637,1.0,10626.554976199623
1.0,0.037486304513279944,1.0,11545.623525077019
0.0,-0.15808554455055795,0.0,7540.911777087318
1.0,-0.08546514698367425,0.0,10522.746269791285
1.0,0.07051415271220325,1.0,11187.176301456722
0.0,0.18959767689579035,0.0,12672.064754150402
0.0,0.03864994937442246,0.0,8620.49202623552
0.0,0.031071254465948512,0.0,9963.873680497378
0.0,0.18607524641720066,0.0,11546.720031440456
0.0,-0.0022671444019016036,0.0,9624.028583899068
1.0,-0.030910095833473334,0.0,8072.502331971504
1.0,-0.1413248782291668,0.0,6661.495806924361
1.0,-0.051301608222770606,1.0,11387.8136856894
1.0,0.21787127425981534,1.0,14569.113500332827
1.0,-0.1421741392488717,1.0,9493.458124737337
0.0,0.0011191706813249527,0.0,9646.952745549377
0.0,-0.14083274279523159,0.0,7058.623364290943
1.0,0.012847574805175782,0.0,9836.336709078925
0.0,0.08876472034521211,0.0,10307.33095288364
1.0,-0.024364931981318796,0.0,9013.502030684615
0.0,0.0730347270299497,0.0,10886.731644109148
1.0,0.07208438255088383,1.0,11013.701626644604
1.0,0.044702481610691416,0.0,10828.025717349026
0.0,0.1716247999415953,0.0,11438.05602799145
1.0,0.07788375539980553,1.0,12518.824175378197
0.0,-0.030495956613431626,0.0,9475.793719744932
1.0,-0.06808235484921149,1.0,10567.22543202019
1.0,-0.08453063475043492,1.0,10082.323287948473
0.0,0.047586743763501194,0.0,10104.286696022698
0.0,-0.03237218142501685,0.0,7989.7006536125655
0.0,0.2729167039004296,0.0,10729.937184235707
1.0,0.1842447605618157,0.0,10994.2895767867
1.0,-0.021452399950632316,1.0,11443.006063649314
1.0,-0.032913125416298955,0.0,10343.658741528448
1.0,0.16901765533164229,0.0,11355.913781068386
1.0,-0.18833597813049865,1.0,7185.190656195052
1.0,-0.045155105930510836,0.0,10968.348506602466
1.0,0.09507569509953721,0.0,11046.301196446542
0.0,-0.09120975709189635,0.0,9443.343870130071
0.0,-0.04768299730934858,0.0,8806.418665844449
0.0,-0.03511411660946877,0.0,10445.847480631408
0.0,0.06608084965065637,0.0,10694.279526845832
1.0,0.01375268848231289,1.0,11358.22508296603
1.0,0.04020874102881341,0.0,9248.403943139334
0.0,0.05952837251833398,0.0,9633.50445761751
1.0,0.0029938228177132757,0.0,9330.971285594227
1.0,0.11105661982486714,1.0,12546.474967225326
1.0,-0.07289588711056352,0.0,10336.71974783619
0.0,-0.14361214956266374,0.0,7022.842233462361
0.0,-0.17768718048124446,0.0,7831.253143654425
1.0,-0.1621009778962458,0.0,8042.923011265242
0.0,-0.055051572954757426,0.0,11701.341377754765
1.0,0.10300468932563196,1.0,11173.944946339792
1.0,0.017416675737197657,1.0,10402.332504715157
1.0,-0.05985466095353628,0.0,10119.441111403325
0.0,-0.10698555930156628,0.0,7792.399493268441
1.0,-0.052888565133058375,0.0,9984.468287344404
0.0,-0.04036663853964377,0.0,7892.26278865463
1.0,-0.05650993908991825,0.0,11430.264521966867
0.0,-0.14325443207427366,0.0,8493.14274914743
0.0,-0.04758078211222694,0.0,9067.052891250973
1.0,0.10171361333790777,0.0,9673.096119913474
1.0,-0.2174608941595472,0.0,7644.683077412405
1.0,-0.024060867244437567,0.0,9813.070779125395
0.0,-0.21213483548325254,0.0,7118.469471023116
1.0,0.018304761057790168,1.0,10018.667721767384
1.0,-0.07474893909083051,0.0,8894.748890360477
0.0,-0.20856876680926661,0.0,7979.326626093746
0.0,0.010070218993342442,0.0,10356.957946731794
1.0,0.18174053535523907,0.0,13150.23605332471
1.0,0.01088915333521627,1.0,11127.322468860762
0.0,0.11617914837823476,0.0,11205.097044702674
0.0,-0.007150440216890899,0.0,10196.127683108643
0.0,-0.2157590828162096,0.0,8430.355042425164
0.0,0.0490483490624009,0.0,8629.870390113023
1.0,-0.041827930681221315,0.0,10707.950417884558
0.0,-0.14620849276728792,0.0,8392.278321802316
0.0,0.07848366739231183,0.0,10039.545935068809
1.0,0.028685756545382676,0.0,10234.054549087787
1.0,-0.05254096407181755,1.0,10045.275296582555
0.0,0.0868069425402096,0.0,10078.965761861667
1.0,-0.08720719677930328,1.0,12477.683597075622
0.0,0.06434323387400967,0.0,11982.79077748916
1.0,-0.09404604692433001,0.0,8957.664660939392
0.0,0.05339547617060789,0.0,10911.210278725113
1.0,-0.11007479445493214,0.0,8586.651934439758
0.0,0.14891882030211118,0.0,12333.305591646698
1.0,0.02543075000159044,0.0,9837.347276452194
0.0,0.1432875115993112,0.0,11876.599896478137
1.0,-0.08224459775198498,0.0,8825.862709406567
0.0,-0.04761023729675279,0.0,8539.419774363527
0.0,0.08396647985148009,0.0,9829.968040916972
1.0,-0.2743717148309325,0.0,6595.198158080451
1.0,-0.10667908546472529,1.0,9329.088366141794
0.0,0.10331769522816747,0.0,14211.66922049277
0.0,0.04651093238943746,0.0,10249.522763396486
1.0,0.09787693424178079,1.0,10711.499172060827
1.0,-0.030976088708472405,0.0,10209.396614401558
1.0,0.05639993816031211,0.0,11040.494804471655
0.0,-0.07308442702168229,0.0,8726.66537077517
0.0,-0.13719603676223968,0.0,10538.71687921771
1.0,-0.16947949737166204,0.0,9171.491643966014
1.0,-0.05517095710304244,0.0,10383.750704224876
0.0,-0.054894142242450074,0.0,9508.422168858038
1.0,-0.06293773975967117,0.0,9494.958799104426
0.0,-0.35488049709979375,0.0,7420.284416329743
1.0,-0.19986036000365417,0.0,6603.114819092587
0.0,-0.05326324891934551,0.0,8657.068449480052
0.0,0.02870166275975515,0.0,10372.484611650394
1.0,-0.05787926250470458,1.0,10479.867607937882
1.0,-0.08768972003507038,1.0,10624.455377470795
1.0,-0.23084733331516372,1.0,8348.420497349201
0.0,0.2021499038975929,0.0,11590.650291269016
1.0,-0.1101111279466927,1.0,9190.009842869458
1.0,0.1683396637699094,1.0,12201.945197438634
0.0,0.15606859169935472,0.0,11517.510682078891
0.0,0.0273929065900933,0.0,9505.471499620213
0.0,-0.05726094050626782,0.0,8493.239462993453
0.0,0.013221553118226377,0.0,10364.822149306809
0.0,-0.11530419740393555,0.0,8266.8875986044
0.0,0.02607301266979909,0.0,12635.519477843998
1.0,0.0002952147849589352,0.0,11262.11515407729
0.0,0.0531968267948261,0.0,7362.9677651492075
1.0,0.0950436848643782,1.0,11173.432005703678
1.0,0.1732838487412845,0.0,12086.084246952392
0.0,-0.038831583451665375,0.0,11926.506037557741
1.0,0.10433884177592828,1.0,11842.908462046486
1.0,-0.07916695806289008,0.0,8765.369822244937
0.0,-0.08945649475212612,0.0,10310.616066527467
0.0,-0.0618056435319376,0.0,8688.435212229957
0.0,-0.09819656557896612,0.0,9089.433507107851
0.0,0.09802643183346581,0.0,10479.775753917893
0.0,0.0923241138461725,0.0,11594.800794843244
0.0,0.12723117470393902,0.0,10173.088111294815
1.0,-0.002530032926412006,1.0,10854.265897180756
1.0,0.027438159608727787,0.0,8819.256672236266
0.0,-0.057842699860006834,0.0,10398.672091266973
0.0,-0.11509612478497494,0.0,9454.318362949418
1.0,0.04470181505315568,1.0,12111.935911458266
0.0,0.026837311131653566,0.0,10305.358181896736
1.0,-0.11070132650577227,1.0,9338.069451412866
1.0,0.05853324666466068,0.0,10215.99714388676
1.0,-0.17417273425997287,0.0,8415.28251670602
1.0,-0.01789984841245339,1.0,9245.383323509846
0.0,-0.0630313837115518,0.0,9300.884309691037
0.0,-0.05292762162227943,0.0,8876.174993265235
0.0,-0.10834577552252006,0.0,8509.984433830581
1.0,0.09524940914618955,1.0,9828.770040165804
0.0,0.05659482120491224,0.0,11020.12119289222
0.0,0.11834202668111747,0.0,11337.916294464583
0.0,0.013049734864517736,0.0,12103.479677221352
0.0,-0.12980536541958757,0.0,8528.708623909386
0.0,-0.037900151794481425,0.0,9696.439043095063
0.0,-0.11915178053735453,0.0,8179.248728841378
0.0,0.044679516497993094,0.0,10547.99350433433
0.0,0.11987059290482541,0.0,10754.033287962993
0.0,0.031609039157959026,0.0,9456.946182029349
1.0,-0.06125209138596496,1.0,9465.432843071834
0.0,-0.03833271224834214,0.0,11207.958014939335
1.0,0.019045000266664502,0.0,9325.068602221947
1.0,-0.14603573935504804,1.0,8049.048014794384
0.0,0.013460214325955528,0.0,10094.944070767848
1.0,0.01834978775243717,1.0,9790.272320019469
1.0,-0.05602428756521878,1.0,9978.838436147335
1.0,-0.04340352670453788,0.0,8917.500460009758
0.0,0.015384464308496765,0.0,10013.04222292699
1.0,-0.08382888472561888,0.0,8363.19545592112
1.0,-0.08404627939966254,1.0,10301.37160792284
1.0,0.07599708644079872,1.0,9897.339709904305
1.0,0.020337071953821506,1.0,10305.265314105684
1.0,0.16586636008151845,0.0,12095.428892464955
0.0,-0.10079779989284939,0.0,10032.200871006908
1.0,-0.1800965848655508,0.0,7668.672678334181
1.0,0.0918778884167879,1.0,11772.2405058342
1.0,0.09341444187912878,0.0,12240.150121282317
0.0,-0.07621833260682252,0.0,9004.229851970438
1.0,-0.14928570128965188,0.0,9972.553326651943
1.0,-0.007219059119776026,1.0,10116.608263720052
0.0,-0.17779053892097485,0.0,8034.24039749775
0.0,-0.03689646466587515,0.0,8590.237077039543
0.0,-0.22109122000117823,0.0,7231.642946935079
1.0,-0.026794576356836255,0.0,10514.203481021257
0.0,-0.21513502701959789,0.0,8905.374874857358
0.0,-0.02688396014372879,0.0,9532.261570069362
0.0,0.14845112605106797,0.0,12395.421769176894
1.0,-0.03006952257657909,0.0,8553.172190854151
1.0,0.07352385818649416,1.0,10765.185010075882
0.0,-0.06770767447584622,0.0,9141.976920673535
1.0,-0.09284830391064189,1.0,9506.385156143933
1.0,-0.15350783740320317,1.0,8920.842101187349
0.0,0.10023084628535775,0.0,10303.721226668662
1.0,-0.009697973058103007,1.0,10462.122425425952
1.0,0.15823182677789085,1.0,10923.161716438794
1.0,-0.12198185102018096,0.0,8929.787396197971
1.0,-0.026509240090249044,1.0,9471.960298759266
1.0,0.0036186788054649514,1.0,8920.044509950445
0.0,0.13681716986013837,0.0,10866.488052982582
0.0,0.17769346512604225,0.0,12358.267568607447
1.0,-0.06945933575499162,0.0,9493.835944476577
0.0,-0.11802839118495881,0.0,8376.982491395096
0.0,-0.17838454781954174,0.0,8237.998217584656
1.0,0.12887231687245124,1.0,11098.81218080535
0.0,-0.013599423088681162,0.0,9502.83457590415
1.0,-0.0697476914003707,0.0,10184.208859374034
1.0,-0.010144000663568891,1.0,11629.2286540033
1.0,-0.2608908472609203,1.0,9151.902171042158
0.0,-0.17766330256841822,0.0,8086.935869874874
1.0,0.08838022868727097,1.0,11111.524590297251
1.0,0.03440325538519612,1.0,12046.897453297264
1.0,0.009807949309232442,0.0,11215.186622043735
0.0,-0.10536869104243363,0.0,8258.850413199738
1.0,0.053534504887213064,0.0,10858.563995917035
0.0,0.17259053255339915,0.0,10355.114257071617
1.0,-0.12772682359691315,0.0,8068.093872265088
0.0,-0.0038163128617708223,0.0,10418.919699142447
0.0,-0.048818372836364574,0.0,9970.347802300523
1.0,0.03076118347894994,0.0,10525.706653861052
1.0,-0.003942521349483581,1.0,10715.448896474838
0.0,-0.020061995515134986,0.0,10000.463526056055
1.0,-0.09358153467573216,1.0,10845.58087219445
1.0,-0.00695852541871116,0.0,11612.53042466284
0.0,-0.06682911594544894,0.0,9879.182039636138
1.0,-0.020039657910143182,0.0,9671.73899026366
1.0,-0.011751377734222926,1.0,10777.918936587013
1.0,0.06002955196514277,1.0,10560.704095079565
1.0,-0.06363173315592242,1.0,8213.86954619078
1.0,-0.03774202034373707,1.0,11047.721079031144
1.0,0.10179669017711024,0.0,9453.932215728631
0.0,-0.027232719561969085,0.0,8914.362372212152
0.0,-0.03159642205021737,0.0,8636.371875665744
0.0,0.08102701474076617,0.0,11658.305876645181
1.0,0.021852618490827865,1.0,9304.524356455537
1.0,0.0037242623880936136,0.0,8182.730467941931
1.0,0.0166195485167498,1.0,10875.87095391415
0.0,-0.1293020305872751,0.0,8992.835701325963
0.0,0.04082036489905961,0.0,8751.900391951423
1.0,0.12737979672036043,1.0,11145.249092795306
1.0,0.05299164444082824,0.0,11565.782415986241
1.0,-0.16061770608253056,1.0,8037.206717209398
1.0,0.023526029766033393,0.0,9865.851665767905
0.0,-0.09527249184256126,0.0,9036.968079587585
1.0,-0.027333962536227302,1.0,9206.438736914497
1.0,0.008390972009103834,1.0,10728.13905047336
1.0,-0.12370305227195744,0.0,8092.441826432226
0.0,0.1292105440168007,0.0,11216.353409112484
0.0,-0.011166165863698797,0.0,10122.396661500254
0.0,0.07504063899405697,0.0,8831.514194092466
1.0,0.05934798586408457,1.0,10308.000292324905
1.0,0.1303356671309178,0.0,11144.8932512553
0.0,0.11517683742801164,0.0,10842.70547428237
0.0,-0.15131601902848532,0.0,7981.337504134738
0.0,0.0004810902964497788,0.0,10987.23612212794
0.0,-0.21724055166424228,0.0,9344.000893546208
1.0,-0.048377698164820904,1.0,11033.022215200255
1.0,0.0678422686093826,0.0,10461.65875990434
1.0,0.08782966528005957,1.0,12147.984564835198
0.0,0.12538259582144545,0.0,10804.136912357952
1.0,-0.04117776496496914,1.0,10386.57105465843
1.0,0.028596408111786736,0.0,10138.400888187327
1.0,0.006367363083195574,1.0,10924.99445683371
0.0,0.12336868117759543,0.0,11079.600058260572
1.0,0.15552999906871623,1.0,12148.089393638144
0.0,-0.03915332986795695,0.0,10234.869182309913
0.0,0.37516349672663585,0.0,14479.493525264921
1.0,-0.0036040734179385277,1.0,9482.585879742783
0.0,-0.03988884332943126,0.0,9354.07143837589
0.0,0.0567840036747218,0.0,7631.433223533114
1.0,0.07271923850578366,1.0,10907.757738000288
0.0,0.05156142547621561,0.0,9947.823693267137
0.0,-0.06796766335108591,0.0,8707.35307623817
1.0,0.1443800971517405,1.0,10311.405310034062
0.0,0.0025823863894813034,0.0,10367.320404337954
0.0,0.15104701666820597,0.0,12626.868209063356
0.0,0.13665618615141276,0.0,11980.628692478509
1.0,-0.12988552293338593,0.0,10375.623963440012
0.0,-0.10043131269308443,0.0,8741.587262585195
1.0,-0.10242331378104215,0.0,8714.670782916119
0.0,0.02270775605913426,0.0,10128.858697088148
1.0,0.003211412250079835,0.0,12474.416420616779
1.0,0.02475752395339896,1.0,9030.62886509887
1.0,-0.08327108093828305,1.0,10082.489880355173
0.0,0.04071473659154057,0.0,11778.153783352484
0.0,0.13851046097682593,0.0,12305.455303056302
1.0,-0.135359471464574,1.0,9837.597892741662
1.0,-0.02137952436475663,1.0,9825.993042943137
0.0,0.023100575450325914,0.0,10710.48242831918
0.0,-0.014705057858035546,0.0,11299.22196544096
0.0,-0.0214127444758895,0.0,10391.085684459598
0.0,0.17522639845452712,0.0,12529.906767997703
0.0,0.12670675047848043,0.0,10524.553681225585
0.0,0.08333949433261523,0.0,12251.663120416495
1.0,-0.07771995633914595,0.0,8521.831828292181
0.0,0.22256067199718532,0.0,12302.483140343924
1.0,0.03459026627223867,0.0,11433.14220970988
0.0,-0.05929759428406611,0.0,9067.621525652701
0.0,-0.035237728146883605,0.0,9767.021172172992
0.0,-0.05043286191577015,0.0,9503.962839099937
0.0,0.21065366439613326,0.0,12263.274658932904
1.0,0.019118697567674273,1.0,10353.212931757169
0.0,0.004931968294274558,0.0,8551.208713426637
0.0,-0.21666121593182464,0.0,7309.2341991211415
1.0,0.07238102522772645,0.0,12789.261803816826
1.0,-0.10714959570851908,0.0,6974.832049994252
1.0,-0.11429566337463962,0.0,8220.12529043607
1.0,0.059955769796400916,0.0,11398.017841567218
0.0,-0.08764085171864694,0.0,7282.567923764752
1.0,0.08228349505059208,0.0,9961.062005743632
0.0,0.11088930879484958,0.0,10305.334278933862
1.0,-0.18023949204908762,1.0,8961.793231699565
0.0,-0.014911003486829763,0.0,8982.189221381479
1.0,-0.15868179689111586,1.0,8196.596979379434
0.0,-0.0074933982814757195,0.0,9295.192894956082
0.0,0.0899197978506226,0.0,10909.649292976228
0.0,-0.13768273659052244,0.0,7490.2813440357495
1.0,0.17891598107389095,0.0,10317.952873812901
1.0,-0.0324641138879363,0.0,9206.891209924119
0.0,-0.11975678000396431,0.0,7426.256323200862
1.0,-0.013931735198085366,0.0,9684.234582507503
0.0,0.07767747277249033,0.0,10895.05224780902
1.0,-0.13929332960279636,0.0,9015.846152966174
1.0,-0.00142659611482941,1.0,10395.119080565153
0.0,-0.13898124962727795,0.0,10028.493547977101
1.0,0.11875461715245011,0.0,10083.361822563465
1.0,0.013787289283264368,0.0,9387.906075168326
1.0,-0.044268485431339724,0.0,11246.511604938341
0.0,0.10174864743810741,0.0,10962.181968896099
1.0,-0.13066112595978296,0.0,8306.864356700586
1.0,-0.04116867936057472,1.0,7825.285224476943
1.0,0.1827518567008105,0.0,11201.986460119664
1.0,-0.01430663804640684,0.0,10789.64966479109
0.0,0.1337560930857414,0.0,11034.738926841377
1.0,0.01757359503214666,1.0,12107.47016779356
0.0,-0.07196249616847328,0.0,9134.077395569291
0.0,-0.026622137111407686,0.0,10552.655871921374
1.0,0.005693404156639274,0.0,11114.961173492982
0.0,-0.04300137156429038,0.0,11184.884281580658
1.0,-0.08447017297602397,0.0,8357.885577328083
1.0,-0.08023916780971502,1.0,12241.22398414163
0.0,-0.15044679367636962,0.0,7077.660544313298
0.0,0.008910326993885364,0.0,8365.295002961213
1.0,0.03720808449048407,0.0,9874.095549166928
1.0,0.07272999020487253,1.0,10368.604670249211
0.0,-0.1827586245730933,0.0,9424.731292439963
1.0,0.07838677215294182,0.0,10366.941623234257
1.0,-0.0039106072758505845,0.0,11870.88464854695
1.0,-0.1450615951867245,0.0,8730.476470501533
0.0,0.007583511244810598,0.0,10955.776388264929
1.0,0.07925948111630794,1.0,10005.405830282292
1.0,0.050042073118250534,0.0,9241.159939104686
1.0,0.07033272376323464,0.0,12285.596469707014
0.0,0.09233344351065464,0.0,10631.044179860837
0.0,0.08739572548599489,0.0,11983.878097688716
0.0,-0.005745004884908065,0.0,9570.365946086476
0.0,-0.2104230608494548,0.0,8479.810188051997
0.0,-0.07812315724231465,0.0,9056.304214070566
0.0,0.03345961383819283,0.0,9984.56560355552
0.0,-0.049087282137445294,0.0,9356.233203659616
1.0,0.066438220830894,1.0,15096.160088686594
0.0,0.07768181049834227,0.0,9564.06934730372
1.0,0.0027355611329157683,1.0,9888.296019779757
1.0,0.18591871023681142,1.0,13886.153155824602
0.0,-0.0995532941551476,0.0,8263.885475784706
0.0,0.09110583325938257,0.0,11088.137192203534
1.0,-0.04925860034532643,0.0,8151.514938737621
1.0,-0.0800466314111117,0.0,8975.537526757009
0.0,0.05688152699250151,0.0,11659.152626493522
1.0,-0.06356137693519687,1.0,8724.724007948722
0.0,0.08392889817161153,0.0,11037.747332077432
1.0,-0.11862936872182231,0.0,8409.692696442778
0.0,0.00155839340558979,0.0,10103.067197433187
1.0,-0.0862929922303512,1.0,6874.141340275939
1.0,-0.025447805961621453,1.0,8126.083573915395
1.0,-0.03914113416500048,0.0,10003.814471088133
0.0,-0.11479693811033498,0.0,7069.429144564099
1.0,0.06362796663017971,0.0,11926.866302181577
1.0,-0.12642435412008066,0.0,9567.145119328234
0.0,-0.09990895669559258,0.0,7779.310718926442
0.0,0.08727511686622558,0.0,8670.426828278567
0.0,0.09547403510077994,0.0,8512.03876276553
1.0,0.06494452753407791,1.0,8455.155518210584
0.0,0.032204059097565844,0.0,10206.291012454136
0.0,0.2260272533607259,0.0,13586.728187825895
0.0,-0.12274054124618146,0.0,9222.327454592032
1.0,-0.07609881813398689,0.0,10775.926476511906
1.0,-0.10112774540264334,1.0,10253.508230687377
0.0,0.08814588324487763,0.0,9912.246564733861
0.0,0.027100994692420718,0.0,10062.091438777057
1.0,0.10939859326716501,0.0,10224.472340109009
0.0,0.0955762332253175,0.0,10615.138507601017
1.0,-0.024162495777979583,1.0,11035.321233170065
0.0,-0.08353966684773062,0.0,8905.611838315226
1.0,-0.10084499653051307,1.0,8875.327551998103
0.0,0.2195673711626423,0.0,11615.450743362017
1.0,0.09518233470077712,0.0,9728.217674445394
1.0,0.05775320091903374,0.0,9917.17452351963
1.0,-0.03543304420202529,1.0,10259.792259670232
1.0,-0.021339817076162462,0.0,9175.700236608522
0.0,-0.03590921357632276,0.0,9443.931669344849
1.0,-0.03387848285579292,1.0,9188.431106604288
0.0,-0.24184993686015135,0.0,8669.210075479967
0.0,-0.0076199416631296995,0.0,10811.729881952047
0.0,-0.03971336667341233,0.0,8815.804465047118
0.0,0.02749563232671187,0.0,11237.103289382363
1.0,0.019483956316952596,0.0,11574.19063630852
1.0,0.08387179933254994,0.0,10823.113120001128
0.0,-0.0027649280432602364,0.0,9109.24168831319
0.0,0.07824317922769017,0.0,11200.645722410229
0.0,-0.2575443021488718,0.0,7328.283253043213
0.0,-0.11156770845743354,0.0,9205.638702266955
0.0,0.17114427970625998,0.0,10634.917850676176
0.0,-0.12335188977179981,0.0,10850.166811702433
0.0,-0.029330476902521697,0.0,9496.952957486345
0.0,0.06926035350945932,0.0,11211.34748698378
0.0,-0.08967196014119552,0.0,8497.375544457256
0.0,0.07083744951907624,0.0,10855.22740112955
0.0,-0.14422564459865342,0.0,6256.547347732571
0.0,-0.19275061837329407,0.0,6764.29787388823
0.0,-0.13434523012805236,0.0,6178.678883910007
0.0,-0.16678674139976427,0.0,9317.318756427765
1.0,-0.0031859374793771983,0.0,8577.22385259143
1.0,-0.03319393329345504,0.0,8108.613099895553
0.0,0.031427759144431654,0.0,11443.38366879147
0.0,-0.10498944700864375,0.0,8461.462026151225
1.0,0.25287573714323086,0.0,12366.135816439888
0.0,-0.010962082832753092,0.0,10970.438241546364
1.0,-0.005991738870379272,0.0,10438.201510969486
1.0,0.04416601359453396,0.0,10763.255700869273
1.0,-0.025759975367127055,1.0,11272.948264339439
0.0,-0.0645520783959134,0.0,7416.428280743569
0.0,0.007179854334532139,0.0,11377.42896379907
0.0,0.09047775800869076,0.0,12247.109590012906
1.0,0.06517590520890428,0.0,12515.042084331162
1.0,0.09280803538705532,0.0,8846.034136799808
1.0,-0.05777806982240823,0.0,8587.121985849019
1.0,-0.07883017117495555,1.0,8633.933675249555
1.0,0.19911670730013253,0.0,13715.62313631304
0.0,-0.025188976520190056,0.0,10333.009083741284
1.0,0.04656937459529347,0.0,12260.637877915879
0.0,0.07259218388756472,0.0,11198.964013008313
0.0,0.14085023519690149,0.0,10789.462017834065
0.0,-0.1363228233484873,0.0,7360.060971017856
0.0,-0.04920692292392021,0.0,8960.605363165454
0.0,-0.044529330501526146,0.0,10978.59489532407
0.0,-0.03130806875792165,0.0,8859.171562907653
1.0,-0.24242351152747085,0.0,5819.688915249093
0.0,-0.01075960948968126,0.0,10199.422585064613
0.0,-0.29051732668754876,0.0,8493.020114286817
1.0,0.02870933978982107,1.0,10441.113985323253
0.0,0.052684771527037634,0.0,11805.03857915059
1.0,0.058742234007209106,1.0,10623.505680348615
1.0,-0.12150816638454442,0.0,7024.067711346023
0.0,0.09450478183558719,0.0,10593.979703858475
1.0,-0.08739072691496441,0.0,8774.297975446138
1.0,-0.12368271525133936,0.0,8925.546524291061
0.0,-0.09898289732800976,0.0,8104.250743784117
0.0,-0.08570382614942534,0.0,9961.732200026016
0.0,0.016350943834447573,0.0,11442.704399070039
1.0,0.08160107040549353,1.0,9576.11465233664
0.0,-0.21100560454712772,0.0,7622.008684044986
1.0,-0.054927703766252306,1.0,12130.158034778167
0.0,0.0893971651292335,0.0,11296.206982466458
1.0,0.019619494276404678,1.0,9633.484388792593
1.0,0.05017732894669531,0.0,9659.561528256223
1.0,-0.15046709695834803,1.0,11076.27517618044
1.0,0.09487374131371071,1.0,12548.650297314565
0.0,-0.1568944174498173,0.0,8274.556505611612
0.0,0.019007146402915103,0.0,10899.36858905969
1.0,0.13612573908879932,1.0,9225.613245735965
1.0,0.18793503898469652,1.0,12054.677437273793
1.0,0.05115365500463113,0.0,12676.91034279237
1.0,0.08809692019582921,1.0,9304.70193165973
0.0,-0.06063316341717569,0.0,9613.895557663398
1.0,-0.04814441322359179,0.0,9053.838106130957
0.0,0.11694233713875724,0.0,12678.94526857602
1.0,0.00016063824724642782,0.0,11148.6304328495
1.0,-0.012731382386099744,1.0,10522.726937875866
1.0,-0.1410558100187072,1.0,10339.052298389446
1.0,0.015059097789474136,0.0,9488.50166715602
0.0,0.06458634070826383,0.0,9471.99055793
1.0,-0.07941694752404449,1.0,9289.199282588545
0.0,-0.0507079822448734,0.0,8830.367887035263
0.0,0.15804565960208936,0.0,12745.020788093692
0.0,0.01782661491488628,0.0,8914.352118074663
0.0,-0.02885936455850023,0.0,8418.846356010166
1.0,-0.11369827893393376,0.0,7911.82604479174
0.0,-0.06195790312810469,0.0,9237.319824884313
1.0,-0.024999625104151022,0.0,10338.81776823743
1.0,0.13691278512137176,0.0,10274.991900134057
1.0,-0.061049469818224705,0.0,8660.080509565618
0.0,0.17943357674660546,0.0,10218.274464522838
0.0,-0.09286878169508621,0.0,8867.626635602535
1.0,-0.035758680482605346,0.0,8611.99143464643
1.0,0.08435436479109179,0.0,13010.44107526692
0.0,-0.024019493113508334,0.0,11681.375459081357
0.0,-0.08302620424006067,0.0,8229.375823037151
1.0,-0.013184341148167437,1.0,10285.992322041842
0.0,0.044871249342893355,0.0,10860.782174834558
1.0,-0.17157342148490498,1.0,9088.209596134267
0.0,-0.02485363457486704,0.0,9350.56582421306
0.0,-0.010933662445164569,0.0,10521.510481831137
1.0,-0.04037477599256661,1.0,9115.284053437392
0.0,0.07353560663789904,0.0,10423.721416629764
1.0,-0.05685521695158746,1.0,9435.10198293533
1.0,-0.036451484858633476,1.0,8501.985313913608
0.0,0.003764258736252721,0.0,9765.85370091236
0.0,0.072884909431546,0.0,11105.937513043247
0.0,-0.022116261764771047,0.0,10007.094802584448
1.0,0.15165972709017572,0.0,12221.289072730104
1.0,-0.09077183000237284,0.0,8887.462055657954
0.0,0.12865143523340858,0.0,10784.002507444791
1.0,-0.08578215511106645,0.0,8443.389809668703
0.0,-0.01630664819758743,0.0,10064.587876534499
0.0,0.0364046185367549,0.0,10493.596843422494
1.0,0.20548398612597035,1.0,13541.473790640755
1.0,0.08958261466530941,0.0,11108.244338398437
1.0,-0.04058628495569436,0.0,11950.370436916131
0.0,0.12991191155917212,0.0,12078.34746577716
1.0,-0.021370490489370654,0.0,7941.62621992635
0.0,-0.07914458562996478,0.0,10502.04295568489
1.0,0.044868469178668255,0.0,10583.469209781762
1.0,0.009447084803329689,0.0,9069.068512741527
1.0,0.09536663672632355,0.0,12289.329902012816
1.0,-0.05497383641473134,1.0,10916.026301419513
0.0,0.038150349766092516,0.0,11390.601364144253
0.0,0.06345493328347689,0.0,10012.71675625245
1.0,0.027804555955068012,1.0,10646.690295152814
0.0,-0.002898353209135806,0.0,9680.85600438788
1.0,-0.0697618374091001,1.0,10074.56812962002
1.0,0.09037517913553876,1.0,10700.84727785081
0.0,0.013722450031243333,0.0,8977.066562296292
1.0,0.049630397250885694,1.0,11764.168020932077
0.0,-0.03507782408605921,0.0,10111.530676841117
1.0,0.0013011690742152054,0.0,9945.162737906034
0.0,-0.10372279917047185,0.0,7172.962178939544
0.0,0.008552529513580199,0.0,10358.00570457142
0.0,0.07652103236543112,0.0,10436.778197061487
0.0,0.009299328607983211,0.0,11280.017386450354
1.0,0.08593928105182447,1.0,11405.251182721266
0.0,0.03129104821226719,0.0,11286.74983369707
1.0,0.1363856630019318,0.0,11491.717887942415
0.0,-0.01900496321528028,0.0,12343.980870521955
1.0,-0.16386302265529099,1.0,8334.281382527926
1.0,0.04324882290855702,1.0,11758.199127496553
0.0,-0.01651894878775625,0.0,9290.922336317437
0.0,-0.09742933822826598,0.0,8067.62963073995
0.0,0.06512653579227652,0.0,11718.063041506724
0.0,0.026432913925463753,0.0,10858.417099234033
0.0,0.044533860193461984,0.0,11484.868728493077
0.0,-0.033237595078669135,0.0,8049.072686583632
0.0,0.019704716424775493,0.0,8989.555284144511
1.0,0.025433904415542486,1.0,11220.304836338433
0.0,0.17746551065417002,0.0,10919.369208958415
0.0,-0.06839597644586848,0.0,10629.13211700308
0.0,-0.0010494199557395853,0.0,11651.32837574714
0.0,0.03638598122696465,0.0,10231.129966096592
0.0,-0.17247869260953996,0.0,8304.70795455443
0.0,-0.16029683674281936,0.0,8422.50316327789
0.0,0.21658183708278106,0.0,11872.852342731578
0.0,-0.17671189536616683,0.0,8195.03081549133
1.0,0.0574929144655259,0.0,10341.875570280547
1.0,-0.08482254060645722,0.0,9579.781095785525
0.0,-0.07631601027511314,0.0,8903.330616245408
1.0,-0.19825249042723425,0.0,7496.224695411907
0.0,-0.09007385723253475,0.0,8799.21841603075
0.0,0.0784378615503682,0.0,10172.113252106712
0.0,-0.13887428409165128,0.0,8530.638868469534
0.0,0.059542688034178254,0.0,11134.640314002734
0.0,0.03132977493485841,0.0,12369.462246652558
1.0,0.20183022993523925,1.0,12718.019671785993
0.0,-0.047453358325771536,0.0,8147.4503673671015
1.0,0.12634140392028048,1.0,11058.468458964511
1.0,0.088886895424144,1.0,11181.794660632784
0.0,-0.02866684173182853,0.0,9668.431374849191
1.0,-0.16629559889361661,1.0,9059.344889246626
1.0,0.1509440379586508,0.0,9683.687229283914
0.0,-0.13643889058435418,0.0,8480.53342637977
1.0,-0.047341595262279566,1.0,11073.545390471165
1.0,0.08831765400001867,0.0,10580.670770889355
0.0,0.1115955568793286,0.0,11630.687625704028
0.0,-0.08454466961579889,0.0,7710.977156236404
1.0,-0.003200168589822475,0.0,10991.781949223336
0.0,-0.025857844206934894,0.0,8895.340243311413
0.0,0.11815585755823627,0.0,10133.426707690161
1.0,0.25046333741809185,1.0,11695.525563382878
0.0,-0.18298868255199324,0.0,7470.3709350797835
0.0,0.09164229099842688,0.0,10174.38337383503
0.0,-0.2858175376906725,0.0,7970.299458403771
0.0,0.001406637216464734,0.0,8452.084071266341
1.0,-0.11087845239491877,0.0,9104.286339116397
0.0,0.1991818790110053,0.0,12833.11728436477
0.0,0.01663685283010593,0.0,9914.40858947317
0.0,-0.07367717479557877,0.0,10031.66203398661
1.0,-0.049931285470882034,0.0,8807.63692007096
1.0,-0.05752957520422239,0.0,9838.887150121365
0.0,0.01883116085626878,0.0,9854.491402758735
0.0,-0.01581484703797074,0.0,12000.744114068439
1.0,0.06558855739815221,1.0,9555.79759399564
1.0,0.1540261081924691,1.0,12698.346659052479
0.0,0.0701412046907484,0.0,11105.249898024329
1.0,-0.12260030477040934,0.0,8245.112899176242
1.0,-0.16238068064859854,0.0,8180.165701241098
0.0,-0.0755419525655702,0.0,9582.998220483976
1.0,0.10532152643097333,1.0,11313.622190394533
1.0,-0.0335048153665349,0.0,9069.096839347758
0.0,-0.06675728190765841,0.0,9393.142659932179
0.0,0.013828255780588265,0.0,9967.275065731546
0.0,-0.14155259495914146,0.0,9282.159977094561
0.0,-0.11393277216692917,0.0,9682.158030541697
0.0,0.0510325425209473,0.0,10914.290677096895
1.0,-0.030315349290822236,0.0,9963.149272271812
0.0,-0.04532362420905178,0.0,11338.896908335837
0.0,0.0317635025316504,0.0,9445.835065572333
1.0,-0.0584871203180809,1.0,8841.035215501888
1.0,-0.06862910465626747,0.0,9852.387853184344
0.0,-0.04598101625336742,0.0,8007.664675680125
0.0,0.06026205891115991,0.0,10732.730272570201
0.0,0.005981993572120316,0.0,8646.026589330493
1.0,-0.11945975846763109,0.0,8682.85864440075
1.0,-0.030305691452920815,0.0,7668.672818795219
1.0,0.06482239264513066,1.0,11925.726743405332
0.0,0.18707519431568773,0.0,11082.421695588762
0.0,-0.11423539921219512,0.0,10510.45920279727
1.0,0.0338535294048523,0.0,9615.807516781977
0.0,-0.02587482768153575,0.0,9797.449403988981
1.0,0.08255194368122541,1.0,11820.569516932617
0.0,0.04495549773160667,0.0,10322.945803334662
1.0,0.14721769077408148,1.0,11001.563980569805
0.0,0.051945090227461035,0.0,11028.310660867555
1.0,-0.05451133122289074,0.0,11928.659182717514
0.0,-0.053859317817928826,0.0,11112.501025713515
0.0,0.04055501097171292,0.0,11193.589075677859
0.0,0.039494318942459035,0.0,10074.80173528705
0.0,0.23979372675854027,0.0,12120.982058741527
0.0,0.1676332719665595,0.0,11377.442383675607
0.0,-0.11735783523750556,0.0,7983.250129360067
0.0,0.035022479577355485,0.0,11033.885445699472
1.0,-0.13309888613685902,0.0,8627.346924928612
1.0,-0.1655676895719328,0.0,8888.399679323145
0.0,0.07435460014427098,0.0,10514.364028878075
0.0,0.05517475330451567,0.0,10945.1337388407
1.0,-0.10385677943370097,1.0,11520.241971574196
1.0,0.1643686738098532,1.0,10636.446805983345
0.0,-0.0977569929500294,0.0,9977.373192954838
0.0,-0.11677283811466697,0.0,8015.654306142915
0.0,0.06526182214200285,0.0,10538.746331284638
1.0,0.02209385457155514,0.0,9878.556828813598
1.0,-0.016050800096883255,0.0,10381.250194971159
0.0,-0.00670658329009639,0.0,10272.187745703679
0.0,0.022380079125852777,0.0,9596.556417684928
1.0,-0.013957998574883529,1.0,10546.16594478052
0.0,-0.017250486828103703,0.0,10005.485695962912
0.0,-0.18959566886664492,0.0,6595.767471594787
1.0,-0.13419613660096671,0.0,8689.087926389595
0.0,0.061094957032276166,0.0,11863.084082745878
1.0,-0.07043008904466945,0.0,8474.913017310577
1.0,0.05451932591117038,1.0,11021.927935631134
1.0,0.12354638992456596,1.0,12663.857981360408
1.0,-0.0354950826448429,0.0,9893.914571667356
0.0,0.028296978134308537,0.0,10808.235907797307
0.0,0.20764764467786878,0.0,11354.82924055806
1.0,0.06949356423135457,1.0,12439.047156056435
1.0,0.1841873830751338,0.0,10507.208359504486
1.0,0.15334070539140796,1.0,10472.552312763757
0.0,0.0753360349521135,0.0,11382.348808137118
1.0,-0.011189376142374594,0.0,8876.749927884195
0.0,-0.08419935332355505,0.0,11259.680442188292
0.0,-0.11116979895223666,0.0,9320.996372233298
1.0,0.048632893468126936,0.0,11489.354886507304
0.0,0.04681833766747926,0.0,11536.640133302702
1.0,-0.017462220803270197,1.0,10634.8366418412
0.0,0.08484663810865986,0.0,10975.70186362862
0.0,-0.060453711434314765,0.0,9973.271597439452
1.0,0.11102190681111886,1.0,9425.101644867484
1.0,0.004000706478611994,1.0,11140.05696769624
0.0,-0.003632657578056551,0.0,11105.237476844299
1.0,-2.7329697946493076e-05,1.0,9884.991799175235
0.0,-0.009859127678452356,0.0,11278.876440004336
0.0,0.2488264288328721,0.0,12671.331828623292
0.0,-0.16115198291476032,0.0,9278.05779308069
0.0,0.01772225437817981,0.0,10451.761806225546
1.0,0.12441061893390576,1.0,12950.647623085935
1.0,0.07175130525725217,1.0,10967.797592446048
0.0,-0.030208197170727032,0.0,9088.118446278537
1.0,0.17401210242168366,0.0,11897.174089821652
1.0,-0.10684928577656815,0.0,9462.71716311553
1.0,-0.13062961297182316,0.0,6661.338934551935
0.0,0.05680705629324108,0.0,10253.736535908856
1.0,-0.1454469801233026,1.0,7700.177083685236
0.0,-0.23779497529666155,0.0,7552.46332339396
0.0,0.08828866377279998,0.0,9865.911860585604
1.0,0.07613503126204363,1.0,11440.379471128737
0.0,0.07322868629434504,0.0,12497.531227090893
0.0,-0.048747114468412775,0.0,7998.276587283754
0.0,0.018294612768934307,0.0,9927.461089084054
0.0,-0.09653265782424492,0.0,9936.428816971109
1.0,0.17343512066126565,1.0,14637.56805632994
0.0,0.07910242515044483,0.0,11536.514143312774
0.0,0.07422560723702185,0.0,9258.147054530074
1.0,-0.19499847409066348,0.0,9128.142032824599
1.0,0.08073020439898841,1.0,10353.960343108793
1.0,0.14939720219813593,0.0,10310.42566579061
1.0,0.1216262085647373,1.0,13156.083761536964
1.0,0.07891303357965002,1.0,10240.490896444942
1.0,-9.571690296654038e-05,0.0,9495.7082463139
0.0,-0.034183284725504304,0.0,10271.292127366018
0.0,0.060164168561888234,0.0,9955.564744280582
1.0,0.03827693557973629,0.0,9883.4379133425
1.0,0.02363745303858515,1.0,11456.421159350592
0.0,-0.03092247467890157,0.0,9704.48875611322
1.0,0.16812565279254327,1.0,12837.582860704091
0.0,-0.1167843292195985,0.0,9869.314460571935
1.0,-0.0022632455812083437,0.0,9932.74730094433
1.0,-0.05801808727892961,0.0,8411.85184745668
0.0,0.10320430480908585,0.0,10611.163787900485
0.0,0.1430481507294281,0.0,10976.85032020511
0.0,0.12440888408102686,0.0,10913.804717532157
0.0,0.0755407181758494,0.0,11398.829797662167
1.0,-0.1402601976480008,1.0,10045.786903167547
1.0,0.20812327075463277,1.0,13964.162870466353
1.0,0.05166960895746488,1.0,9654.722937437955
0.0,-0.010846324499681578,0.0,9856.448880793183
1.0,0.0021500596114723916,1.0,10384.928608004573
1.0,-0.03395191336516016,0.0,10442.440684583535
0.0,0.042388057272381284,0.0,10385.584202662754
0.0,0.031016780811060414,0.0,10247.36095322288
1.0,-0.036010004566670265,0.0,8566.795880720056
0.0,-0.2569891436775477,0.0,6771.964812662387
1.0,-0.0035121335047972276,0.0,9409.553267091856
0.0,0.04768359562395015,0.0,11086.875216810144
1.0,0.052616784489232564,0.0,8812.309553430605
1.0,-0.015346500077568732,1.0,11911.917879002038
0.0,0.04533147694634076,0.0,10610.864274425625
1.0,0.10283189404369751,0.0,10349.524316862202
0.0,-0.04702502825638668,0.0,8708.447566995148
1.0,0.1466279045418628,0.0,12004.120786641648
1.0,-0.19551583018209248,0.0,8287.960214400835
0.0,-0.12610485337190705,0.0,6785.407083582045
0.0,-0.09051449503754183,0.0,8431.98506645174
1.0,-0.24444667094755423,0.0,6665.966844161319
0.0,-0.09997626210327866,0.0,8955.049642224656
0.0,0.12483719756363819,0.0,10638.586352308517
0.0,0.12415290652525833,0.0,11726.544178464294
0.0,0.009735846272620516,0.0,9601.738837654357
1.0,0.1721001966737974,0.0,11471.01560370958
1.0,0.023949021994619454,0.0,11505.88895486145
0.0,-0.049781195661625366,0.0,9287.65738279395
0.0,0.02416307693828161,0.0,9769.18989323364
0.0,-0.013714661036390184,0.0,9924.831208280963
1.0,0.07359334604999983,0.0,9462.223653756464
0.0,-0.15030506397534005,0.0,6923.824519209307
0.0,0.09994149433312292,0.0,10990.602547104485
1.0,-0.04595267311885197,0.0,8970.10593914436
0.0,0.08553230165102578,0.0,9443.861645860226
1.0,-0.1541040201846386,0.0,9398.030956915118
1.0,-0.04192586554522883,0.0,10277.040959098114
1.0,0.00780632203502157,0.0,10311.609015748627
0.0,0.09014526289511643,0.0,10376.650907272082
0.0,-0.1217531069171858,0.0,8590.017539575829
0.0,0.16674442559087566,0.0,11098.135991790119
1.0,0.048266347500351525,0.0,11346.036732003144
0.0,-0.052577541840310715,0.0,8040.593495514015
0.0,0.12173020341880805,0.0,11491.060554287375
0.0,0.01027110230226298,0.0,10122.0654333066
0.0,0.11582969807112296,0.0,10028.516895941857
1.0,0.2323147808746772,1.0,13065.890927834545
0.0,0.07685283776585802,0.0,10429.521726734181
1.0,-0.052667946357003476,0.0,11342.97354501102
0.0,-0.042570743539114844,0.0,10748.692965299193
1.0,0.05825543463784663,1.0,12745.108605290994
1.0,0.02879054170937578,1.0,10508.610439898866
1.0,-0.08330299635529903,0.0,8485.729105956983
0.0,-0.0668109515625979,0.0,8611.666214637777
0.0,0.06657820292821932,0.0,10981.668031530564
0.0,0.2346698370861299,0.0,10914.17302020895
0.0,-0.2630367381307939,0.0,8341.24000524269
0.0,0.07239161378227219,0.0,11422.675518761933
0.0,-0.021104718302167452,0.0,9655.41953518882
0.0,0.07793647137401867,0.0,11529.447529278841
0.0,0.08677213780652737,0.0,13165.596614100356
1.0,0.005283808503854799,1.0,11531.80991051817
1.0,-0.10159735470221952,0.0,10703.471345793003
1.0,-0.13970518935029944,0.0,8309.732934659603
1.0,-0.18741786885931647,0.0,7519.882097278996
1.0,0.12223456002349163,1.0,12082.856089875837
0.0,-0.020970236575699505,0.0,7874.844296724402
0.0,-0.054027496735855586,0.0,10419.33678852097
1.0,-0.02777194108263936,1.0,9679.05467081505
0.0,-0.13394677183965722,0.0,8180.234318451356
1.0,0.03046145795210598,0.0,10390.535614942484
1.0,0.13187014960437957,1.0,11729.872991434846
0.0,0.11384606307709629,0.0,12386.052866470734
1.0,-0.156579907122772,1.0,7733.411743119948
1.0,0.1363511883808952,0.0,11564.426002624206
1.0,-0.07642368947263356,0.0,9015.217363970634
1.0,-0.19129522652427652,0.0,7142.499977267446
1.0,-0.12294722354106145,0.0,8969.629592839268
0.0,-0.0966514111245054,0.0,6458.336730225276
0.0,-0.0006947840340038995,0.0,10958.974678705747
0.0,-0.10319754729862468,0.0,8966.928587257842
0.0,-0.15102454607799287,0.0,6827.862635245308
1.0,-0.026449403513130215,1.0,9097.724630216053
0.0,0.19239039427935722,0.0,11035.003074169792
0.0,-0.07023508823886009,0.0,8831.614876562282
0.0,0.04642535154497454,0.0,8678.154391157272
1.0,0.007994683122946591,0.0,9331.024101513658
0.0,0.2658067714194574,0.0,12817.536585595346
0.0,-0.18982581596594789,0.0,8017.271322912051
1.0,0.1095381647214979,1.0,11591.638914052253
0.0,-0.12813849958001136,0.0,7987.2696377325265
0.0,-0.05924152540201355,0.0,9968.411831112782
1.0,-0.00966816533934121,0.0,8419.647139517701
0.0,0.31860862017980407,0.0,12612.810644961413
1.0,-0.0763005310283326,1.0,10989.152193628366
1.0,-0.18888841132483372,0.0,7797.048367005738
0.0,0.12973636003412262,0.0,10742.24612614277
1.0,-0.08392361083301031,0.0,8957.3347992239
0.0,-0.02429503536906921,0.0,10317.35539646618
1.0,-0.002404182294425653,1.0,8273.973633387379
1.0,0.009698878558089244,1.0,9873.373210973852
0.0,-0.01701386283568916,0.0,9576.634862628765
0.0,0.026775643597405377,0.0,8295.987995494404
1.0,0.03873596022357436,0.0,12201.568332102292
0.0,0.08539228182179395,0.0,12140.335945112278
0.0,-0.0427233135899662,0.0,10024.897466467652
1.0,-0.07487301433549036,1.0,9596.15477777641
0.0,-0.10635502786670539,0.0,9783.941687926557
0.0,0.05927089001691989,0.0,9947.858659452846
1.0,-0.004629814519611519,1.0,12014.619321164451
1.0,0.0553204571427833,0.0,11719.90430593353
1.0,0.05381962418158714,0.0,11338.482453832063
1.0,0.16858769333546053,1.0,12559.512296621508
0.0,0.0207505095567036,0.0,9818.804289881191
1.0,0.0752371316690063,0.0,13124.766880412964
1.0,-0.12025898262948137,0.0,9068.16625428532
1.0,-0.10803016761899534,0.0,9465.836273920504
1.0,-0.031173774580436076,0.0,8285.773598825866
1.0,-0.12167176758144471,1.0,8564.270641687643
1.0,0.06895932177911476,1.0,10912.884793180425
1.0,-0.13330527882743207,0.0,7805.160038904345
0.0,0.006838301873571342,0.0,11357.90295503233
0.0,-0.24580956214996008,0.0,7539.211381260968
0.0,-0.11047797234053454,0.0,9543.41692603093
1.0,-0.03390353362689471,0.0,10121.552622192874
0.0,-0.025903968686522474,0.0,9041.762368381185
1.0,-0.17916457433662758,0.0,8497.750233349449
1.0,0.010866907909246434,1.0,9690.640220241878
1.0,0.09748640287032838,0.0,9869.177488175847
1.0,0.06482404052376027,1.0,11156.161158348385
1.0,-0.06585830644379084,0.0,8429.71582105142
0.0,-0.058729683816853874,0.0,10153.102507269847
1.0,-0.11863002816994422,0.0,8351.267624472464
1.0,0.06297879946119585,1.0,12308.063458128918
0.0,0.14416588377519549,0.0,12583.464504091315
0.0,-0.05259554755005257,0.0,8347.965332475414
0.0,-0.16978180669477805,0.0,9774.943758073108
1.0,0.020000424260489844,1.0,10324.98620425622
0.0,0.07077694241065317,0.0,10531.662379830084
0.0,-0.27221238497250927,0.0,8806.525098461007
1.0,0.01383560396321788,1.0,9860.240102005202
1.0,0.2164386979680841,0.0,10847.999286437802
0.0,0.08206476094296887,0.0,10760.27758941302
0.0,0.05504588009224559,0.0,9777.77356496817
0.0,0.04021212773250662,0.0,10666.609908804134
0.0,0.106189882129466,0.0,10590.385593586929
0.0,-0.0941167253806946,0.0,8718.293494009245
1.0,-0.08453378024369931,1.0,9449.9935767016
0.0,0.040756930889413644,0.0,8712.707260186322
1.0,-0.06853293444903695,0.0,9594.214744930923
1.0,0.025870242021479424,1.0,10780.562290832793
0.0,-0.19125624836303928,0.0,8409.218463169955
0.0,0.07579546637146332,0.0,8385.034509993946
1.0,0.08469714121998348,0.0,9891.02333418945
0.0,0.004367790209725824,0.0,9634.425926075339
1.0,0.016442294114809474,0.0,11815.382944335559
0.0,0.1620651085703243,0.0,10363.057226089873
1.0,-0.10830946278820044,0.0,7791.170051809926
1.0,-0.0913156656285222,0.0,8893.716936703317
1.0,-0.1093806293915453,1.0,8915.902822829848
0.0,-0.04247301712555463,0.0,8960.632515376492
0.0,-0.1011149921008371,0.0,9073.169623909278
1.0,0.003704847718893948,1.0,10737.513345824804
1.0,-0.06507368059990858,0.0,11037.07337914487
0.0,-0.14491491196553738,0.0,8210.533972014528
0.0,-0.1550177736174736,0.0,8576.115464324415
1.0,0.12116571068814336,1.0,10870.585777833472
1.0,-0.00688788179535442,0.0,9367.417090818477
1.0,-0.02273378243345642,1.0,10946.860183978255
0.0,0.0026569585403011875,0.0,9036.112238603782
1.0,-0.008236211584414706,0.0,11587.48117104781
1.0,0.0756112935582365,1.0,11797.407773184328
1.0,0.05622590281952346,0.0,9778.276195998438
1.0,-0.05897077463538707,1.0,11243.581657746425
0.0,-0.08235270572132808,0.0,9127.673874636861
0.0,-0.10867207885610958,0.0,9919.530297646428
1.0,-0.1251131296211583,0.0,9469.139734355069
1.0,0.1402145640070344,1.0,11103.908089623439
1.0,-0.09165392346644177,0.0,9566.49851533435
