uid,is_treatment,is_click
0,0,1
0,0,0
0,0,0
0,0,0
0,0,0
0,0,0
0,0,1
0,0,0
0,0,1
0,0,1
0,0,0
0,0,0
0,0,1
0,0,0
0,0,0
0,0,0
0,0,0
0,0,1
0,0,1
0,0,0
0,0,0
0,0,0
0,0,1
0,0,0
0,0,0
0,0,1
0,0,0
0,0,0
0,0,0
0,0,0
0,0,1
0,0,0
0,0,1
0,0,1
0,0,1
0,0,0
0,0,0
0,0,0
0,0,1
0,0,0
0,0,1
0,0,1
0,0,0
0,0,0
0,0,0
0,0,0
0,0,0
0,0,1
0,0,1
0,0,0
0,0,0
0,0,0
0,0,0
0,0,1
0,0,0
0,0,0
0,0,1
0,0,1
0,0,1
0,0,0
0,0,0
0,0,1
0,0,0
0,0,0
0,0,1
0,0,0
0,0,0
0,0,1
0,0,1
0,0,0
0,0,0
0,0,0
0,0,0
0,0,1
0,0,1
0,0,1
0,0,0
0,0,1
0,0,0
0,0,0
0,0,0
0,0,1
0,0,0
0,0,0
0,0,1
1,0,1
1,0,0
1,0,0
1,0,0
1,0,0
1,0,1
1,0,0
1,0,0
1,0,0
1,0,0
1,0,0
1,0,0
1,0,0
1,0,0
1,0,0
1,0,0
1,0,1
1,0,0
1,0,0
1,0,0
1,0,0
1,0,0
1,0,0
1,0,0
1,0,0
1,0,0
1,0,0
1,0,0
1,0,0
1,0,0
1,0,0
1,0,0
1,0,0
1,0,0
1,0,1
1,0,1
1,0,0
1,0,0
1,0,0
1,0,1
1,0,0
1,0,0
1,0,1
1,0,0
1,0,0
1,0,0
1,0,0
1,0,0
1,0,0
1,0,0
1,0,0
1,0,0
1,0,0
1,0,1
1,0,0
1,0,0
1,0,0
1,0,0
1,0,0
1,0,1
1,0,0
1,0,0
1,0,1
1,0,0
2,0,1
2,0,1
2,0,0
2,0,0
2,0,0
2,0,1
2,0,0
2,0,1
2,0,1
2,0,0
2,0,0
2,0,1
2,0,1
2,0,0
2,0,0
2,0,1
2,0,0
2,0,1
2,0,0
2,0,0
2,0,1
2,0,1
2,0,1
2,0,1
2,0,0
2,0,1
2,0,1
2,0,1
2,0,1
2,0,1
2,0,1
2,0,1
2,0,1
2,0,0
2,0,1
2,0,1
2,0,1
2,0,0
2,0,1
2,0,1
2,0,1
2,0,0
2,0,1
2,0,1
2,0,1
2,0,0
2,0,1
2,0,1
2,0,1
2,0,1
2,0,0
3,0,0
3,0,0
3,0,1
3,0,0
3,0,0
3,0,1
3,0,0
3,0,0
3,0,0
3,0,0
3,0,1
3,0,0
3,0,0
3,0,1
3,0,0
3,0,0
3,0,0
3,0,0
3,0,0
3,0,0
3,0,0
3,0,0
3,0,0
3,0,0
3,0,0
3,0,0
3,0,1
4,1,1
4,1,0
4,1,0
4,1,0
4,1,0
4,1,1
4,1,1
4,1,1
4,1,0
4,1,1
4,1,0
4,1,1
4,1,0
4,1,0
4,1,0
4,1,1
4,1,0
4,1,1
4,1,0
4,1,0
4,1,0
4,1,0
4,1,0
4,1,1
4,1,0
4,1,0
4,1,0
4,1,0
4,1,1
4,1,0
4,1,1
5,1,1
5,1,1
5,1,1
5,1,1
5,1,1
6,0,1
6,0,1
6,0,1
6,0,1
6,0,1
6,0,1
6,0,1
6,0,1
7,1,1
7,1,1
8,1,1
8,1,0
8,1,0
8,1,0
8,1,0
8,1,0
8,1,0
8,1,0
8,1,0
8,1,0
8,1,0
8,1,0
8,1,0
8,1,0
8,1,0
8,1,0
8,1,0
8,1,0
9,0,1
9,0,1
9,0,1
9,0,1
9,0,0
9,0,1
9,0,1
9,0,1
9,0,0
9,0,0
9,0,1
9,0,0
9,0,1
9,0,0
9,0,0
9,0,1
9,0,1
9,0,1
9,0,1
9,0,0
9,0,1
9,0,0
9,0,1
9,0,1
9,0,1
9,0,1
9,0,1
9,0,1
9,0,1
9,0,1
9,0,1
9,0,1
9,0,1
9,0,1
9,0,1
9,0,0
9,0,0
9,0,1
9,0,0
9,0,1
9,0,1
9,0,1
9,0,1
9,0,1
9,0,1
9,0,1
9,0,1
9,0,1
9,0,1
9,0,1
9,0,0
9,0,1
9,0,1
9,0,0
9,0,1
9,0,1
9,0,1
9,0,1
9,0,1
9,0,0
9,0,1
9,0,1
9,0,1
9,0,1
9,0,1
9,0,1
9,0,1
9,0,0
9,0,1
9,0,1
9,0,1
9,0,0
9,0,1
9,0,1
9,0,1
9,0,1
9,0,0
9,0,1
9,0,0
9,0,1
9,0,1
10,0,0
10,0,0
10,0,0
10,0,0
10,0,0
10,0,0
10,0,0
10,0,0
10,0,0
10,0,0
10,0,0
10,0,1
10,0,0
10,0,0
10,0,0
10,0,1
10,0,0
10,0,0
10,0,0
10,0,0
10,0,0
10,0,1
10,0,0
10,0,0
10,0,1
10,0,0
10,0,1
10,0,0
10,0,1
10,0,0
10,0,0
10,0,0
10,0,0
10,0,0
10,0,0
10,0,0
10,0,1
10,0,0
10,0,1
10,0,1
10,0,0
10,0,0
10,0,1
10,0,0
10,0,1
10,0,1
10,0,0
10,0,0
10,0,0
10,0,0
10,0,1
10,0,0
10,0,0
10,0,0
10,0,1
10,0,1
10,0,0
10,0,0
10,0,0
10,0,0
10,0,0
10,0,0
10,0,0
10,0,0
10,0,0
11,1,1
11,1,0
11,1,1
11,1,1
11,1,1
11,1,1
11,1,1
11,1,1
11,1,1
11,1,1
11,1,1
11,1,1
11,1,1
11,1,1
11,1,1
11,1,1
11,1,0
11,1,1
11,1,0
11,1,1
11,1,0
11,1,1
11,1,0
11,1,1
11,1,1
11,1,0
11,1,1
11,1,0
11,1,0
11,1,0
11,1,1
11,1,0
11,1,1
11,1,1
11,1,0
11,1,0
11,1,1
11,1,0
11,1,1
11,1,0
11,1,1
11,1,1
11,1,0
11,1,1
11,1,1
11,1,1
11,1,0
11,1,1
11,1,1
11,1,1
11,1,0
11,1,1
11,1,0
11,1,1
11,1,0
11,1,1
11,1,0
11,1,1
11,1,1
11,1,1
11,1,0
11,1,1
11,1,1
11,1,1
11,1,1
11,1,1
11,1,1
11,1,0
11,1,1
11,1,1
11,1,1
11,1,1
11,1,1
11,1,0
11,1,1
11,1,0
11,1,0
11,1,1
11,1,1
11,1,1
11,1,1
11,1,1
11,1,0
11,1,1
11,1,1
11,1,1
11,1,0
11,1,1
11,1,1
11,1,0
11,1,1
12,1,1
12,1,1
12,1,1
12,1,1
12,1,0
12,1,1
12,1,1
12,1,1
12,1,1
12,1,1
12,1,1
12,1,1
12,1,1
12,1,1
12,1,1
12,1,1
12,1,0
12,1,1
12,1,1
12,1,1
12,1,1
12,1,1
12,1,1
12,1,1
12,1,1
12,1,1
12,1,1
12,1,1
12,1,1
12,1,1
12,1,1
12,1,1
12,1,1
12,1,1
12,1,1
12,1,1
12,1,1
12,1,1
12,1,1
12,1,1
12,1,1
12,1,1
12,1,1
12,1,1
12,1,1
12,1,1
12,1,1
12,1,1
12,1,1
12,1,1
13,0,1
13,0,1
13,0,0
13,0,1
13,0,1
13,0,1
13,0,0
13,0,1
13,0,0
13,0,1
13,0,1
13,0,0
13,0,1
13,0,1
13,0,1
13,0,1
13,0,0
13,0,1
13,0,0
13,0,1
13,0,1
13,0,1
13,0,1
13,0,1
13,0,1
13,0,1
13,0,1
13,0,1
13,0,0
13,0,1
13,0,1
13,0,1
13,0,1
13,0,0
13,0,1
13,0,1
13,0,1
13,0,1
13,0,1
13,0,1
13,0,0
13,0,1
13,0,1
13,0,1
13,0,1
13,0,1
13,0,1
13,0,1
13,0,1
13,0,0
13,0,1
13,0,1
13,0,1
13,0,1
13,0,1
13,0,1
13,0,0
13,0,0
13,0,1
13,0,1
13,0,1
14,0,1
14,0,0
14,0,0
14,0,0
14,0,0
14,0,0
14,0,0
14,0,1
14,0,0
14,0,1
14,0,1
14,0,0
14,0,0
14,0,0
14,0,0
14,0,0
14,0,1
14,0,0
14,0,0
14,0,0
14,0,0
14,0,0
14,0,0
14,0,0
14,0,0
14,0,0
14,0,0
14,0,0
14,0,0
14,0,0
14,0,0
14,0,0
14,0,1
14,0,0
14,0,1
14,0,0
14,0,0
14,0,0
14,0,0
14,0,0
14,0,0
14,0,0
14,0,0
14,0,0
14,0,0
14,0,0
14,0,0
14,0,0
14,0,0
14,0,0
14,0,0
14,0,0
14,0,1
14,0,0
14,0,0
14,0,1
14,0,0
14,0,0
14,0,0
14,0,0
14,0,0
14,0,0
14,0,0
14,0,0
14,0,0
14,0,0
14,0,1
14,0,0
14,0,0
14,0,1
14,0,0
14,0,0
14,0,0
14,0,0
14,0,0
14,0,0
14,0,0
14,0,0
14,0,0
14,0,0
14,0,0
14,0,1
14,0,0
14,0,1
14,0,0
14,0,0
14,0,0
14,0,0
14,0,1
14,0,1
14,0,0
14,0,0
14,0,1
14,0,0
14,0,0
14,0,0
14,0,0
15,1,0
15,1,1
15,1,1
15,1,1
15,1,1
15,1,1
15,1,1
15,1,1
15,1,1
15,1,1
15,1,1
15,1,1
15,1,1
15,1,1
15,1,1
15,1,1
15,1,1
15,1,1
15,1,1
15,1,1
15,1,1
15,1,1
15,1,1
15,1,1
15,1,1
15,1,1
15,1,1
15,1,1
15,1,0
15,1,0
15,1,0
15,1,1
15,1,1
15,1,1
15,1,1
15,1,0
15,1,1
15,1,1
15,1,1
15,1,1
15,1,0
15,1,1
15,1,0
15,1,1
15,1,1
15,1,1
15,1,1
15,1,0
15,1,0
15,1,0
15,1,1
15,1,1
15,1,1
15,1,1
15,1,0
15,1,1
15,1,0
15,1,1
15,1,1
15,1,0
15,1,1
15,1,1
15,1,0
15,1,0
15,1,0
15,1,1
15,1,1
15,1,1
15,1,0
15,1,1
15,1,1
15,1,1
15,1,1
16,1,0
16,1,1
16,1,0
16,1,0
16,1,0
16,1,1
16,1,0
16,1,0
16,1,0
16,1,1
16,1,1
16,1,1
16,1,1
16,1,0
16,1,1
16,1,1
16,1,0
16,1,1
16,1,1
16,1,0
16,1,1
16,1,1
16,1,1
16,1,1
16,1,1
16,1,1
16,1,1
16,1,0
16,1,1
16,1,1
16,1,1
16,1,0
16,1,1
16,1,1
16,1,0
16,1,1
16,1,1
16,1,1
16,1,1
16,1,1
16,1,1
16,1,1
16,1,1
16,1,1
16,1,1
16,1,0
16,1,1
16,1,1
16,1,1
16,1,1
16,1,1
16,1,1
16,1,1
16,1,0
16,1,1
16,1,1
16,1,0
16,1,1
16,1,0
16,1,1
16,1,1
16,1,1
16,1,0
17,0,1
17,0,1
17,0,0
17,0,0
17,0,0
17,0,1
17,0,0
17,0,0
17,0,1
17,0,0
17,0,1
17,0,1
17,0,1
17,0,0
17,0,0
17,0,1
17,0,0
17,0,0
17,0,0
17,0,0
17,0,1
17,0,0
17,0,1
17,0,0
17,0,0
17,0,0
17,0,0
17,0,1
17,0,1
17,0,0
17,0,1
17,0,1
17,0,1
17,0,0
17,0,0
17,0,1
17,0,1
17,0,1
17,0,0
17,0,0
17,0,1
17,0,0
17,0,0
17,0,0
17,0,0
17,0,0
17,0,1
17,0,0
17,0,0
17,0,1
17,0,1
17,0,1
17,0,0
17,0,0
18,1,1
18,1,1
18,1,0
18,1,1
18,1,0
18,1,1
18,1,1
18,1,1
18,1,1
18,1,0
18,1,1
18,1,0
18,1,1
18,1,0
18,1,1
18,1,1
18,1,0
18,1,1
18,1,0
18,1,1
18,1,1
18,1,0
18,1,1
18,1,1
18,1,1
18,1,0
18,1,1
18,1,1
18,1,0
18,1,1
18,1,0
18,1,1
18,1,1
18,1,0
18,1,0
18,1,1
18,1,1
18,1,1
18,1,1
18,1,0
18,1,1
18,1,0
18,1,0
18,1,1
18,1,0
18,1,0
18,1,1
18,1,1
18,1,1
18,1,1
18,1,1
18,1,1
18,1,1
18,1,1
18,1,1
18,1,0
19,1,0
19,1,1
19,1,0
19,1,0
19,1,0
19,1,1
19,1,1
19,1,1
19,1,0
19,1,0
19,1,1
19,1,0
19,1,0
19,1,0
19,1,0
19,1,0
19,1,0
19,1,1
19,1,0
19,1,0
19,1,0
19,1,0
19,1,0
19,1,0
19,1,0
19,1,1
19,1,0
19,1,0
19,1,0
19,1,0
19,1,0
19,1,0
19,1,0
19,1,1
19,1,1
19,1,1
19,1,0
19,1,0
19,1,1
19,1,1
19,1,0
19,1,1
19,1,0
19,1,1
19,1,0
19,1,1
19,1,0
19,1,0
19,1,0
19,1,1
19,1,0
19,1,0
19,1,1
19,1,1
19,1,1
19,1,0
19,1,1
19,1,1
19,1,0
19,1,1
19,1,1
19,1,0
19,1,1
19,1,1
19,1,0
19,1,0
19,1,0
19,1,0
19,1,1
19,1,0
19,1,1
19,1,0
19,1,1
19,1,0
19,1,1
19,1,0
19,1,0
19,1,0
19,1,0
19,1,1
19,1,1
19,1,0
19,1,0
19,1,1
19,1,0
19,1,1
19,1,0
19,1,0
19,1,0
19,1,0
19,1,0
19,1,1
19,1,0
20,0,1
20,0,1
20,0,1
20,0,1
20,0,1
20,0,1
20,0,1
20,0,1
20,0,1
20,0,0
20,0,1
20,0,1
20,0,1
20,0,1
20,0,1
20,0,0
20,0,1
20,0,1
20,0,1
20,0,1
20,0,1
20,0,1
20,0,1
20,0,1
20,0,1
20,0,1
20,0,1
20,0,1
21,1,0
21,1,0
21,1,0
21,1,1
21,1,0
21,1,0
21,1,0
21,1,0
21,1,0
21,1,0
21,1,1
21,1,0
21,1,0
21,1,0
21,1,1
21,1,0
21,1,0
21,1,0
21,1,0
21,1,0
21,1,0
21,1,0
21,1,0
21,1,1
21,1,0
21,1,1
21,1,0
21,1,0
21,1,1
21,1,0
21,1,0
21,1,0
21,1,0
21,1,0
21,1,0
21,1,0
21,1,1
21,1,0
21,1,0
21,1,0
21,1,0
21,1,0
21,1,0
21,1,0
21,1,1
21,1,0
21,1,0
21,1,0
21,1,0
21,1,0
21,1,0
21,1,0
21,1,0
21,1,0
21,1,0
21,1,0
21,1,0
21,1,0
21,1,0
21,1,0
21,1,0
21,1,0
21,1,0
21,1,0
21,1,0
21,1,1
21,1,0
21,1,0
21,1,0
21,1,1
21,1,1
21,1,0
21,1,0
21,1,1
21,1,0
21,1,0
21,1,0
21,1,0
21,1,0
21,1,1
21,1,0
22,1,1
22,1,1
22,1,1
22,1,1
22,1,1
22,1,1
22,1,1
22,1,1
22,1,1
22,1,0
22,1,1
22,1,1
22,1,0
22,1,1
22,1,1
22,1,1
22,1,1
22,1,1
22,1,1
22,1,1
22,1,1
22,1,1
22,1,1
22,1,1
22,1,1
22,1,1
22,1,1
22,1,1
22,1,0
22,1,1
22,1,1
22,1,1
22,1,1
22,1,1
22,1,1
22,1,0
22,1,1
22,1,1
22,1,0
22,1,1
22,1,1
22,1,1
22,1,1
22,1,1
22,1,0
22,1,1
22,1,1
22,1,1
22,1,1
22,1,1
22,1,1
22,1,1
22,1,1
22,1,1
22,1,1
22,1,1
22,1,0
22,1,0
22,1,1
22,1,1
22,1,1
22,1,0
22,1,1
22,1,1
22,1,0
22,1,1
22,1,1
23,0,0
24,1,1
24,1,1
24,1,0
24,1,1
24,1,0
24,1,0
24,1,0
24,1,1
24,1,1
24,1,1
24,1,1
24,1,1
24,1,1
24,1,1
24,1,1
24,1,0
24,1,0
24,1,0
24,1,1
24,1,1
24,1,0
24,1,1
24,1,1
24,1,1
24,1,1
24,1,1
24,1,0
24,1,1
24,1,1
24,1,0
24,1,1
24,1,0
24,1,1
24,1,1
24,1,1
24,1,1
24,1,0
24,1,1
24,1,1
24,1,1
25,1,1
25,1,1
25,1,1
25,1,1
25,1,1
25,1,0
25,1,1
25,1,1
25,1,1
25,1,1
25,1,1
25,1,1
25,1,0
25,1,1
25,1,0
25,1,0
25,1,0
25,1,0
25,1,1
25,1,0
25,1,0
25,1,1
25,1,1
25,1,1
25,1,1
25,1,0
25,1,1
25,1,0
25,1,1
25,1,0
25,1,1
25,1,1
25,1,0
25,1,1
25,1,1
25,1,1
25,1,0
25,1,0
25,1,1
25,1,0
25,1,0
25,1,0
25,1,1
25,1,1
25,1,0
25,1,0
25,1,0
25,1,1
25,1,0
25,1,1
25,1,0
25,1,0
25,1,1
25,1,1
25,1,1
25,1,0
25,1,0
25,1,0
25,1,1
25,1,0
25,1,1
25,1,0
25,1,0
25,1,1
25,1,1
25,1,0
25,1,1
25,1,1
25,1,0
25,1,0
25,1,1
25,1,1
25,1,1
25,1,0
25,1,1
25,1,1
25,1,1
25,1,1
25,1,0
25,1,0
25,1,1
25,1,1
25,1,0
25,1,0
25,1,0
26,0,1
26,0,1
26,0,1
26,0,1
26,0,0
26,0,0
26,0,0
26,0,0
26,0,1
26,0,1
26,0,0
26,0,1
26,0,0
26,0,0
26,0,1
26,0,0
26,0,1
26,0,1
26,0,1
26,0,0
26,0,0
26,0,1
26,0,1
26,0,0
26,0,1
26,0,0
26,0,1
26,0,1
26,0,0
26,0,0
26,0,1
26,0,1
26,0,1
26,0,1
26,0,1
26,0,0
26,0,1
26,0,1
26,0,0
26,0,0
26,0,0
26,0,1
26,0,0
26,0,1
26,0,0
26,0,1
26,0,0
26,0,1
26,0,0
26,0,0
26,0,0
26,0,1
26,0,0
26,0,0
26,0,1
27,0,1
27,0,0
27,0,0
27,0,0
28,0,1
28,0,1
28,0,1
28,0,1
28,0,1
28,0,1
28,0,1
28,0,1
28,0,1
28,0,1
28,0,1
28,0,1
28,0,1
28,0,0
28,0,1
28,0,1
28,0,0
28,0,0
28,0,1
28,0,1
28,0,1
28,0,1
28,0,1
28,0,1
28,0,1
28,0,1
28,0,1
28,0,1
28,0,1
28,0,0
28,0,1
28,0,1
28,0,1
28,0,1
28,0,0
28,0,1
28,0,1
28,0,0
28,0,0
28,0,1
28,0,1
28,0,1
28,0,1
28,0,0
28,0,1
28,0,1
28,0,1
28,0,0
28,0,1
28,0,1
28,0,1
28,0,1
28,0,0
28,0,1
28,0,1
28,0,1
28,0,1
28,0,0
28,0,1
28,0,1
28,0,1
28,0,1
28,0,0
28,0,1
28,0,1
28,0,1
28,0,0
28,0,1
28,0,1
28,0,1
28,0,1
28,0,1
28,0,1
28,0,0
28,0,0
28,0,1
29,1,0
29,1,0
29,1,1
29,1,0
29,1,1
29,1,0
29,1,1
29,1,1
29,1,1
29,1,0
29,1,1
29,1,0
29,1,1
29,1,1
29,1,1
29,1,1
29,1,0
29,1,1
29,1,1
29,1,0
29,1,1
29,1,1
29,1,1
29,1,1
29,1,1
29,1,1
29,1,1
29,1,0
29,1,0
29,1,1
29,1,1
29,1,0
29,1,0
29,1,1
29,1,1
29,1,0
29,1,1
29,1,1
29,1,0
29,1,1
29,1,1
29,1,1
29,1,0
29,1,0
29,1,0
29,1,1
29,1,0
29,1,1
29,1,0
29,1,1
29,1,0
29,1,1
29,1,1
29,1,1
29,1,1
29,1,1
29,1,0
29,1,1
29,1,0
29,1,0
29,1,1
29,1,1
29,1,0
29,1,0
29,1,0
29,1,1
29,1,1
29,1,0
29,1,1
29,1,0
29,1,1
29,1,0
29,1,1
30,0,0
30,0,0
30,0,1
30,0,1
30,0,1
30,0,1
30,0,1
30,0,0
30,0,1
30,0,1
30,0,0
30,0,1
30,0,1
30,0,1
30,0,0
30,0,1
30,0,1
30,0,0
30,0,1
30,0,1
30,0,1
30,0,1
30,0,1
30,0,1
30,0,0
30,0,1
30,0,1
30,0,1
30,0,1
30,0,0
30,0,0
30,0,1
30,0,1
30,0,1
30,0,1
30,0,1
30,0,1
30,0,1
30,0,0
30,0,1
30,0,1
30,0,1
30,0,1
30,0,1
30,0,1
30,0,1
30,0,1
30,0,1
30,0,1
30,0,1
30,0,1
30,0,0
30,0,1
30,0,1
30,0,1
30,0,1
30,0,1
30,0,0
30,0,0
30,0,1
30,0,1
30,0,1
30,0,1
30,0,1
30,0,1
30,0,1
30,0,1
30,0,1
30,0,1
30,0,1
30,0,0
30,0,1
30,0,0
30,0,1
30,0,1
30,0,0
30,0,1
30,0,1
30,0,0
30,0,1
30,0,1
30,0,1
30,0,1
30,0,0
31,1,0
31,1,1
31,1,1
31,1,1
31,1,0
31,1,1
31,1,1
31,1,0
31,1,1
31,1,0
31,1,1
31,1,1
31,1,0
31,1,1
31,1,0
31,1,1
31,1,1
31,1,1
32,1,1
32,1,0
32,1,1
32,1,0
32,1,1
32,1,1
32,1,1
32,1,0
32,1,1
33,1,1
33,1,1
33,1,1
33,1,1
33,1,0
33,1,0
33,1,1
33,1,1
33,1,1
33,1,0
33,1,0
33,1,0
33,1,1
33,1,0
33,1,1
33,1,0
33,1,0
33,1,1
33,1,1
33,1,1
33,1,1
33,1,0
33,1,1
33,1,1
33,1,1
33,1,1
33,1,1
33,1,1
33,1,1
33,1,0
33,1,1
33,1,0
33,1,0
33,1,1
33,1,1
33,1,1
33,1,1
33,1,0
33,1,1
33,1,0
33,1,1
33,1,1
33,1,1
33,1,1
33,1,1
33,1,1
33,1,1
33,1,1
33,1,1
33,1,1
33,1,0
33,1,0
33,1,0
33,1,0
33,1,1
33,1,0
33,1,1
33,1,0
33,1,1
33,1,0
33,1,0
33,1,1
33,1,1
33,1,1
33,1,0
33,1,0
33,1,0
33,1,0
33,1,1
33,1,1
33,1,0
33,1,1
33,1,1
33,1,0
33,1,1
33,1,0
33,1,1
33,1,1
33,1,1
33,1,0
33,1,0
33,1,0
33,1,0
33,1,1
33,1,0
33,1,0
34,0,0
34,0,1
34,0,0
35,0,0
35,0,1
35,0,1
35,0,1
35,0,1
35,0,1
35,0,1
35,0,0
35,0,0
35,0,1
35,0,1
35,0,0
35,0,1
35,0,0
35,0,1
35,0,1
35,0,1
35,0,0
35,0,0
35,0,1
35,0,0
35,0,1
35,0,0
35,0,1
35,0,1
35,0,1
35,0,1
35,0,1
35,0,1
35,0,1
35,0,0
35,0,1
35,0,1
35,0,1
35,0,0
35,0,1
35,0,0
35,0,0
35,0,0
35,0,1
35,0,0
35,0,0
35,0,0
35,0,0
35,0,1
35,0,0
35,0,0
35,0,0
35,0,0
35,0,1
35,0,1
35,0,0
35,0,0
35,0,1
36,0,0
36,0,0
36,0,1
36,0,0
36,0,0
36,0,0
36,0,0
36,0,0
37,1,0
37,1,0
37,1,0
37,1,0
37,1,0
37,1,0
37,1,0
37,1,1
37,1,0
37,1,0
37,1,0
37,1,0
37,1,0
37,1,0
37,1,0
37,1,0
37,1,0
37,1,0
37,1,1
37,1,0
37,1,0
37,1,1
37,1,1
37,1,0
37,1,1
37,1,0
37,1,0
37,1,0
37,1,0
37,1,0
38,1,0
38,1,0
38,1,0
38,1,0
38,1,1
38,1,1
38,1,0
38,1,1
38,1,0
38,1,0
38,1,0
38,1,0
38,1,0
38,1,0
38,1,1
38,1,0
38,1,0
38,1,1
38,1,0
38,1,0
38,1,0
38,1,0
38,1,1
38,1,0
38,1,1
38,1,0
38,1,0
38,1,0
38,1,1
38,1,1
38,1,0
38,1,1
38,1,1
38,1,1
38,1,1
38,1,0
38,1,0
38,1,0
38,1,0
38,1,1
38,1,0
38,1,0
38,1,0
38,1,0
38,1,0
38,1,0
38,1,0
38,1,0
39,0,1
39,0,1
39,0,1
39,0,1
39,0,1
39,0,1
39,0,1
39,0,1
39,0,1
39,0,1
39,0,1
39,0,1
39,0,1
39,0,1
39,0,1
39,0,1
39,0,1
39,0,1
39,0,1
39,0,1
39,0,1
39,0,1
39,0,1
39,0,1
39,0,1
39,0,1
39,0,1
39,0,1
39,0,1
39,0,1
39,0,1
39,0,1
39,0,1
39,0,1
39,0,1
39,0,1
39,0,1
39,0,1
39,0,1
39,0,1
39,0,1
39,0,1
40,1,1
40,1,0
40,1,1
40,1,1
40,1,1
40,1,1
40,1,1
40,1,0
40,1,1
40,1,0
40,1,1
40,1,1
40,1,1
40,1,0
40,1,1
40,1,1
40,1,0
40,1,1
40,1,1
40,1,1
40,1,1
40,1,1
40,1,1
40,1,1
40,1,1
40,1,1
40,1,1
40,1,1
40,1,0
40,1,1
40,1,1
40,1,0
40,1,0
40,1,0
40,1,0
40,1,1
40,1,1
40,1,0
40,1,0
40,1,1
41,0,1
41,0,1
41,0,1
42,0,1
43,0,0
43,0,0
43,0,0
43,0,1
43,0,0
43,0,0
43,0,1
43,0,0
43,0,1
43,0,1
43,0,0
43,0,0
43,0,0
44,1,0
45,1,1
45,1,1
45,1,1
45,1,1
45,1,1
45,1,1
45,1,1
45,1,1
45,1,0
45,1,1
45,1,0
45,1,0
45,1,1
45,1,1
45,1,0
45,1,0
45,1,1
45,1,1
45,1,1
45,1,1
45,1,1
45,1,1
45,1,1
45,1,1
45,1,1
45,1,1
45,1,1
45,1,1
45,1,1
45,1,1
45,1,1
45,1,1
45,1,1
45,1,1
45,1,1
45,1,1
45,1,0
45,1,1
45,1,1
45,1,1
45,1,0
45,1,1
45,1,1
45,1,1
45,1,1
45,1,1
45,1,1
45,1,1
45,1,1
45,1,1
45,1,1
45,1,1
45,1,1
45,1,1
45,1,1
45,1,1
45,1,1
45,1,1
45,1,1
45,1,1
45,1,1
45,1,1
45,1,1
45,1,1
45,1,1
45,1,1
45,1,0
46,0,1
46,0,1
46,0,1
46,0,1
46,0,1
46,0,1
46,0,1
46,0,1
46,0,1
46,0,1
46,0,1
46,0,1
46,0,1
46,0,1
46,0,1
46,0,0
46,0,1
46,0,1
46,0,1
46,0,1
46,0,0
46,0,1
46,0,1
46,0,1
46,0,1
46,0,0
46,0,1
46,0,0
46,0,1
46,0,0
46,0,1
46,0,1
46,0,0
46,0,1
46,0,0
46,0,1
46,0,1
46,0,0
46,0,1
46,0,1
46,0,1
46,0,0
46,0,1
46,0,1
46,0,1
46,0,0
46,0,1
46,0,1
46,0,0
46,0,1
46,0,0
46,0,1
46,0,0
47,1,1
47,1,1
47,1,0
47,1,1
47,1,0
47,1,0
47,1,1
47,1,0
47,1,0
47,1,1
47,1,0
47,1,0
47,1,1
47,1,0
47,1,1
47,1,1
47,1,1
47,1,1
47,1,0
47,1,1
47,1,0
47,1,1
47,1,0
47,1,1
47,1,0
47,1,1
47,1,0
47,1,0
47,1,1
47,1,0
47,1,0
47,1,0
47,1,1
47,1,1
47,1,1
47,1,1
47,1,1
47,1,1
47,1,1
47,1,0
47,1,1
47,1,0
47,1,0
47,1,0
47,1,0
47,1,0
47,1,0
47,1,1
47,1,1
47,1,1
47,1,1
47,1,0
47,1,0
47,1,0
47,1,1
47,1,1
47,1,1
47,1,1
47,1,1
47,1,0
47,1,1
47,1,1
47,1,0
47,1,0
47,1,1
48,1,0
48,1,0
48,1,0
48,1,0
48,1,0
48,1,0
48,1,1
48,1,0
48,1,1
48,1,0
48,1,0
48,1,0
48,1,0
48,1,1
48,1,0
48,1,0
48,1,0
48,1,0
48,1,0
48,1,1
48,1,0
48,1,0
48,1,0
48,1,1
48,1,0
48,1,1
49,0,1
49,0,0
49,0,0
49,0,1
49,0,1
49,0,1
49,0,1
49,0,1
49,0,1
49,0,1
49,0,1
49,0,1
49,0,0
49,0,1
49,0,1
49,0,1
49,0,1
49,0,1
49,0,0
49,0,1
49,0,0
49,0,1
49,0,0
49,0,1
49,0,1
49,0,0
49,0,1
49,0,1
49,0,1
49,0,1
49,0,1
49,0,0
49,0,1
49,0,1
49,0,1
49,0,1
49,0,1
49,0,1
49,0,1
49,0,1
49,0,1
49,0,1
49,0,1
49,0,0
49,0,1
49,0,1
49,0,0
49,0,1
49,0,1
49,0,0
49,0,1
49,0,1
49,0,0
49,0,1
49,0,1
49,0,1
49,0,1
49,0,1
49,0,1
49,0,1
49,0,0
50,0,1
50,0,0
50,0,0
50,0,1
50,0,0
50,0,0
50,0,0
50,0,0
50,0,0
50,0,0
50,0,0
50,0,0
50,0,0
50,0,1
50,0,0
50,0,0
50,0,0
50,0,0
50,0,1
50,0,1
50,0,0
50,0,1
50,0,0
50,0,0
50,0,1
50,0,0
50,0,0
50,0,0
50,0,1
50,0,0
50,0,1
50,0,0
50,0,1
50,0,0
50,0,0
50,0,1
50,0,0
50,0,1
50,0,0
50,0,1
50,0,0
50,0,1
50,0,0
50,0,1
50,0,0
50,0,0
50,0,0
50,0,0
50,0,0
50,0,1
50,0,1
50,0,0
50,0,1
50,0,1
50,0,0
50,0,1
50,0,1
50,0,0
50,0,0
50,0,1
50,0,0
50,0,1
50,0,0
50,0,0
50,0,0
50,0,0
50,0,1
50,0,0
50,0,0
50,0,1
50,0,0
50,0,1
50,0,0
50,0,0
50,0,1
50,0,0
51,0,0
51,0,0
51,0,0
51,0,0
51,0,1
51,0,0
51,0,0
51,0,1
51,0,0
51,0,0
51,0,1
51,0,1
51,0,0
51,0,1
51,0,1
51,0,0
51,0,0
51,0,0
51,0,1
51,0,0
51,0,0
51,0,0
51,0,1
51,0,0
51,0,1
51,0,1
51,0,1
51,0,1
51,0,0
51,0,1
51,0,0
51,0,1
51,0,0
51,0,0
51,0,1
51,0,1
51,0,0
51,0,0
52,0,1
52,0,1
52,0,1
52,0,1
52,0,1
52,0,1
52,0,1
52,0,1
52,0,1
52,0,1
52,0,1
52,0,1
52,0,1
52,0,1
52,0,1
52,0,1
52,0,1
52,0,1
52,0,1
52,0,1
52,0,1
52,0,1
52,0,1
52,0,1
52,0,1
52,0,1
52,0,1
52,0,1
52,0,1
52,0,1
52,0,1
52,0,1
52,0,1
52,0,1
52,0,1
52,0,1
52,0,1
52,0,1
52,0,1
52,0,1
52,0,1
52,0,1
52,0,1
52,0,1
52,0,1
52,0,1
53,1,0
53,1,0
53,1,0
53,1,0
53,1,1
53,1,0
53,1,0
53,1,0
53,1,0
53,1,1
53,1,0
53,1,1
53,1,1
53,1,0
53,1,1
53,1,0
53,1,1
53,1,0
53,1,0
53,1,0
53,1,0
53,1,1
53,1,1
53,1,0
53,1,0
53,1,0
53,1,0
53,1,0
53,1,1
53,1,0
53,1,0
53,1,1
53,1,0
53,1,1
53,1,1
53,1,0
53,1,0
53,1,0
53,1,0
53,1,0
53,1,1
53,1,1
53,1,0
53,1,1
53,1,1
53,1,0
53,1,1
53,1,1
53,1,0
53,1,0
53,1,0
53,1,1
53,1,0
53,1,0
53,1,1
53,1,1
53,1,1
53,1,0
53,1,0
53,1,0
53,1,0
53,1,0
53,1,0
53,1,0
53,1,0
53,1,1
53,1,0
53,1,0
53,1,1
53,1,0
53,1,1
53,1,1
53,1,1
53,1,0
53,1,1
53,1,0
53,1,0
53,1,0
53,1,0
53,1,1
53,1,1
53,1,0
53,1,1
53,1,1
53,1,0
53,1,1
53,1,0
53,1,0
53,1,0
53,1,0
53,1,0
53,1,1
53,1,0
53,1,1
53,1,0
53,1,0
53,1,1
53,1,1
53,1,1
54,0,1
54,0,0
54,0,1
54,0,0
54,0,0
54,0,1
54,0,0
54,0,1
54,0,0
54,0,0
54,0,0
54,0,1
54,0,1
54,0,0
54,0,0
54,0,0
54,0,1
54,0,1
54,0,1
54,0,1
54,0,1
54,0,1
54,0,1
54,0,0
54,0,0
54,0,0
54,0,0
54,0,0
54,0,1
54,0,0
54,0,1
54,0,0
54,0,1
54,0,0
54,0,1
54,0,0
54,0,1
54,0,1
54,0,0
54,0,0
54,0,1
54,0,1
54,0,0
54,0,1
54,0,0
54,0,0
54,0,0
54,0,0
54,0,1
54,0,0
54,0,1
54,0,0
54,0,0
54,0,1
54,0,1
54,0,0
54,0,1
54,0,1
54,0,0
54,0,0
54,0,0
54,0,0
54,0,1
54,0,1
54,0,1
54,0,0
54,0,0
54,0,0
54,0,0
54,0,1
54,0,0
54,0,1
54,0,1
54,0,0
54,0,1
54,0,0
54,0,0
54,0,1
54,0,0
54,0,1
55,0,1
55,0,0
55,0,1
55,0,0
55,0,0
55,0,0
55,0,1
55,0,1
55,0,0
55,0,1
55,0,0
55,0,0
55,0,0
55,0,0
55,0,0
55,0,0
55,0,0
55,0,1
55,0,0
55,0,1
55,0,0
55,0,0
55,0,0
55,0,0
55,0,0
55,0,0
55,0,0
55,0,1
55,0,0
55,0,0
55,0,1
55,0,1
55,0,1
55,0,0
55,0,1
55,0,0
55,0,0
55,0,0
55,0,1
55,0,0
55,0,1
55,0,1
55,0,0
55,0,0
55,0,1
55,0,0
55,0,1
55,0,0
55,0,0
55,0,0
55,0,0
55,0,0
55,0,0
55,0,1
55,0,0
55,0,1
55,0,0
55,0,0
55,0,0
55,0,0
55,0,1
55,0,1
55,0,0
55,0,0
55,0,0
55,0,0
55,0,1
55,0,1
55,0,1
55,0,0
55,0,0
55,0,1
55,0,0
55,0,1
55,0,0
55,0,0
55,0,1
55,0,0
55,0,0
55,0,0
55,0,0
55,0,0
55,0,0
55,0,1
55,0,1
55,0,1
55,0,1
55,0,1
55,0,1
55,0,1
55,0,0
55,0,1
55,0,0
55,0,1
55,0,0
55,0,0
55,0,1
55,0,1
56,0,1
56,0,1
56,0,1
56,0,1
56,0,1
56,0,1
56,0,1
56,0,1
56,0,0
56,0,1
56,0,0
56,0,0
56,0,1
56,0,1
56,0,1
56,0,1
56,0,1
56,0,0
56,0,1
56,0,1
56,0,1
56,0,1
56,0,1
56,0,1
56,0,1
56,0,1
56,0,1
56,0,1
56,0,1
56,0,1
56,0,1
56,0,1
56,0,1
56,0,1
56,0,1
56,0,1
56,0,0
56,0,1
57,0,0
57,0,0
57,0,0
57,0,0
57,0,0
57,0,1
57,0,0
57,0,0
57,0,0
57,0,1
57,0,0
57,0,0
57,0,0
57,0,0
57,0,1
57,0,0
57,0,0
57,0,0
57,0,0
57,0,0
57,0,0
57,0,0
57,0,0
57,0,1
57,0,0
57,0,0
57,0,0
57,0,0
57,0,0
57,0,0
57,0,0
57,0,0
57,0,0
57,0,0
57,0,0
57,0,0
57,0,0
57,0,0
57,0,0
57,0,0
57,0,1
57,0,0
57,0,0
57,0,0
57,0,0
57,0,0
57,0,0
57,0,0
57,0,0
57,0,0
57,0,0
57,0,1
57,0,0
57,0,0
57,0,0
57,0,0
57,0,0
57,0,0
57,0,0
57,0,0
57,0,0
57,0,0
57,0,0
57,0,0
57,0,0
57,0,1
57,0,1
57,0,0
58,1,0
58,1,0
58,1,0
58,1,1
58,1,0
58,1,1
58,1,1
58,1,0
58,1,0
58,1,0
58,1,0
58,1,0
58,1,0
58,1,0
58,1,0
58,1,0
58,1,1
58,1,1
58,1,1
58,1,0
58,1,0
58,1,0
58,1,0
58,1,0
58,1,1
58,1,0
58,1,0
58,1,0
58,1,0
58,1,0
58,1,1
58,1,0
58,1,0
58,1,0
58,1,0
58,1,0
58,1,0
58,1,1
58,1,1
58,1,0
58,1,1
58,1,0
58,1,0
58,1,1
58,1,0
58,1,0
58,1,0
58,1,0
58,1,0
58,1,0
58,1,0
58,1,1
58,1,0
58,1,0
58,1,0
58,1,0
58,1,0
58,1,0
58,1,0
58,1,1
58,1,0
58,1,0
58,1,1
58,1,0
58,1,1
58,1,0
58,1,1
58,1,0
58,1,0
58,1,0
58,1,0
58,1,0
58,1,0
58,1,0
58,1,1
58,1,0
58,1,0
58,1,0
58,1,0
58,1,0
58,1,0
58,1,0
58,1,0
58,1,0
58,1,0
58,1,0
58,1,0
58,1,0
58,1,0
58,1,0
58,1,0
58,1,0
58,1,0
58,1,0
58,1,0
59,0,1
59,0,1
59,0,1
59,0,1
59,0,0
59,0,0
59,0,1
59,0,1
59,0,1
59,0,1
59,0,1
59,0,1
59,0,1
59,0,0
59,0,0
59,0,1
59,0,1
59,0,1
59,0,1
59,0,0
59,0,0
59,0,1
59,0,1
59,0,1
59,0,1
59,0,1
59,0,1
59,0,1
59,0,1
59,0,1
59,0,1
59,0,0
59,0,1
59,0,1
59,0,0
59,0,1
59,0,0
59,0,1
59,0,0
59,0,1
59,0,1
59,0,1
59,0,1
59,0,1
59,0,1
59,0,1
59,0,1
59,0,0
59,0,0
59,0,1
59,0,1
59,0,1
59,0,0
59,0,1
59,0,1
59,0,1
59,0,0
59,0,1
59,0,1
59,0,0
59,0,1
59,0,0
59,0,1
59,0,1
59,0,1
60,1,1
60,1,1
60,1,1
60,1,1
60,1,1
60,1,1
60,1,1
60,1,1
60,1,1
60,1,1
60,1,1
60,1,1
60,1,1
60,1,1
60,1,1
60,1,1
60,1,1
60,1,1
60,1,1
60,1,0
60,1,1
60,1,1
60,1,1
60,1,1
60,1,1
60,1,1
60,1,1
60,1,1
60,1,1
60,1,1
60,1,1
60,1,1
60,1,1
60,1,1
60,1,1
60,1,1
60,1,1
60,1,1
60,1,1
60,1,1
60,1,1
60,1,1
60,1,0
60,1,1
60,1,1
60,1,1
60,1,1
60,1,1
60,1,1
60,1,1
60,1,1
60,1,1
60,1,1
60,1,1
60,1,1
60,1,1
60,1,1
60,1,1
60,1,1
60,1,1
60,1,1
60,1,1
60,1,1
60,1,1
60,1,1
60,1,1
60,1,1
60,1,1
60,1,1
60,1,1
60,1,1
60,1,1
60,1,1
60,1,1
60,1,1
60,1,1
60,1,1
60,1,1
60,1,1
60,1,1
60,1,1
60,1,1
60,1,1
60,1,1
61,1,0
61,1,0
61,1,0
61,1,0
61,1,0
61,1,0
61,1,0
61,1,0
61,1,0
61,1,0
61,1,0
61,1,0
61,1,0
61,1,1
61,1,0
61,1,0
61,1,0
61,1,0
61,1,0
61,1,0
61,1,0
61,1,0
61,1,0
61,1,0
61,1,0
61,1,0
61,1,0
61,1,0
61,1,0
61,1,0
61,1,0
61,1,0
61,1,0
61,1,0
61,1,0
61,1,1
61,1,0
61,1,0
61,1,0
61,1,1
61,1,1
61,1,0
61,1,0
61,1,0
61,1,0
61,1,0
61,1,0
61,1,0
61,1,0
61,1,0
61,1,0
61,1,0
61,1,0
61,1,0
61,1,1
61,1,0
61,1,0
61,1,0
61,1,1
61,1,0
61,1,1
61,1,0
61,1,0
61,1,0
61,1,0
61,1,0
61,1,0
61,1,0
61,1,0
62,1,0
62,1,1
62,1,0
62,1,0
62,1,0
62,1,0
62,1,0
62,1,0
62,1,0
62,1,0
62,1,0
62,1,1
62,1,0
62,1,0
62,1,0
62,1,1
62,1,0
62,1,1
62,1,0
62,1,0
62,1,0
62,1,0
62,1,0
62,1,1
62,1,0
62,1,0
62,1,0
62,1,0
62,1,0
62,1,1
62,1,0
62,1,0
62,1,0
62,1,0
62,1,0
62,1,0
62,1,0
62,1,1
62,1,1
62,1,0
62,1,0
62,1,0
62,1,0
62,1,0
62,1,0
62,1,0
62,1,0
62,1,0
62,1,0
62,1,0
62,1,0
62,1,0
62,1,1
62,1,0
62,1,0
62,1,0
62,1,0
62,1,0
62,1,1
62,1,1
62,1,0
62,1,0
62,1,0
62,1,1
62,1,0
62,1,0
62,1,0
62,1,1
62,1,0
62,1,0
63,1,0
63,1,1
63,1,1
63,1,0
63,1,0
63,1,0
63,1,0
63,1,0
63,1,0
63,1,1
63,1,0
63,1,0
63,1,1
63,1,0
63,1,1
63,1,0
63,1,1
63,1,1
63,1,0
63,1,0
63,1,0
63,1,1
63,1,1
63,1,1
63,1,1
63,1,1
63,1,1
63,1,1
63,1,0
63,1,0
63,1,1
63,1,0
63,1,1
63,1,1
63,1,1
63,1,1
63,1,1
63,1,0
63,1,0
64,1,1
64,1,1
64,1,1
64,1,1
64,1,1
64,1,1
64,1,1
64,1,1
64,1,1
64,1,1
64,1,1
64,1,1
64,1,1
64,1,0
64,1,0
64,1,0
64,1,1
64,1,1
64,1,0
64,1,1
64,1,1
64,1,1
64,1,1
64,1,1
64,1,1
64,1,1
64,1,1
64,1,0
64,1,1
64,1,1
64,1,1
64,1,1
64,1,0
64,1,1
64,1,1
64,1,1
64,1,1
64,1,1
64,1,0
64,1,1
64,1,1
64,1,1
64,1,0
64,1,1
64,1,0
64,1,1
64,1,1
64,1,1
64,1,0
64,1,1
64,1,1
64,1,0
64,1,1
64,1,1
64,1,1
64,1,1
64,1,0
64,1,1
64,1,1
64,1,1
64,1,1
64,1,1
64,1,1
64,1,1
64,1,1
64,1,1
64,1,0
64,1,1
64,1,0
64,1,1
64,1,1
64,1,0
64,1,1
64,1,1
64,1,1
64,1,1
64,1,1
64,1,0
64,1,1
64,1,1
64,1,1
64,1,1
64,1,1
64,1,1
64,1,1
64,1,1
64,1,1
65,1,0
65,1,0
65,1,1
65,1,1
65,1,0
65,1,1
65,1,1
65,1,0
65,1,0
65,1,1
65,1,0
65,1,1
65,1,0
65,1,0
66,0,1
66,0,1
66,0,1
66,0,1
66,0,0
66,0,1
66,0,0
66,0,1
66,0,1
66,0,0
66,0,0
66,0,0
66,0,0
66,0,0
66,0,1
66,0,0
66,0,0
66,0,1
66,0,1
66,0,1
66,0,1
66,0,0
66,0,1
66,0,0
66,0,1
66,0,1
66,0,0
66,0,1
66,0,0
66,0,1
66,0,1
66,0,1
66,0,0
66,0,0
66,0,0
66,0,1
66,0,1
66,0,0
66,0,1
66,0,1
66,0,0
66,0,0
66,0,1
66,0,1
66,0,1
66,0,1
66,0,0
66,0,1
66,0,0
66,0,1
66,0,0
66,0,1
66,0,1
66,0,1
66,0,0
66,0,1
66,0,0
66,0,1
67,1,0
67,1,0
67,1,0
67,1,0
67,1,0
67,1,0
67,1,0
67,1,0
67,1,0
67,1,0
67,1,0
67,1,0
67,1,0
67,1,0
67,1,0
67,1,0
67,1,0
67,1,0
67,1,0
67,1,1
67,1,1
67,1,1
67,1,0
67,1,0
67,1,0
67,1,0
67,1,0
67,1,0
67,1,0
67,1,0
67,1,0
67,1,1
67,1,0
67,1,0
67,1,0
67,1,0
67,1,0
67,1,0
67,1,0
67,1,0
67,1,0
67,1,1
67,1,0
67,1,0
67,1,0
67,1,0
67,1,0
67,1,0
67,1,0
67,1,1
67,1,0
67,1,0
67,1,0
67,1,0
67,1,0
67,1,0
67,1,1
67,1,0
67,1,0
67,1,0
67,1,0
67,1,0
67,1,0
67,1,0
67,1,0
67,1,0
67,1,0
67,1,0
67,1,0
67,1,0
67,1,1
67,1,0
68,0,1
68,0,0
68,0,1
68,0,1
68,0,0
68,0,0
68,0,0
68,0,0
68,0,0
68,0,1
68,0,1
68,0,1
68,0,1
68,0,0
68,0,1
68,0,0
68,0,0
68,0,0
68,0,0
68,0,0
68,0,1
68,0,1
68,0,0
68,0,1
68,0,0
68,0,0
68,0,0
68,0,0
68,0,0
68,0,0
68,0,0
68,0,0
68,0,0
68,0,0
68,0,0
68,0,0
68,0,0
68,0,0
68,0,0
68,0,1
68,0,0
68,0,1
68,0,0
68,0,0
68,0,1
68,0,1
68,0,1
68,0,1
68,0,1
68,0,0
68,0,0
68,0,0
68,0,0
68,0,0
68,0,0
68,0,1
68,0,1
68,0,1
68,0,0
68,0,0
68,0,0
68,0,0
68,0,1
68,0,0
68,0,0
68,0,1
68,0,0
68,0,1
68,0,1
68,0,0
68,0,1
68,0,1
68,0,0
68,0,0
68,0,1
68,0,1
68,0,0
68,0,0
68,0,0
68,0,0
68,0,1
68,0,1
68,0,0
68,0,0
69,0,0
69,0,0
69,0,0
69,0,0
69,0,0
69,0,0
69,0,0
69,0,0
69,0,0
69,0,0
69,0,0
69,0,0
69,0,0
69,0,0
69,0,0
69,0,0
69,0,0
69,0,0
69,0,0
69,0,0
69,0,0
69,0,0
69,0,0
69,0,0
69,0,0
69,0,0
69,0,0
69,0,0
69,0,0
69,0,0
69,0,0
69,0,0
69,0,0
69,0,0
69,0,0
69,0,0
69,0,0
69,0,0
69,0,0
69,0,0
69,0,0
69,0,0
69,0,0
69,0,0
69,0,0
69,0,0
69,0,0
69,0,0
69,0,0
69,0,0
69,0,0
69,0,0
69,0,0
70,0,1
70,0,1
70,0,1
70,0,1
70,0,0
70,0,1
70,0,0
70,0,1
70,0,1
70,0,1
70,0,1
70,0,0
70,0,1
70,0,1
70,0,0
70,0,1
70,0,0
70,0,1
70,0,1
70,0,1
70,0,1
70,0,1
70,0,1
70,0,0
70,0,0
70,0,1
70,0,1
70,0,0
70,0,1
70,0,1
70,0,1
70,0,1
70,0,0
70,0,0
70,0,1
70,0,1
70,0,0
70,0,0
71,0,1
71,0,0
71,0,1
71,0,1
71,0,1
71,0,1
71,0,1
71,0,0
71,0,1
71,0,0
71,0,0
71,0,0
71,0,1
71,0,1
71,0,1
71,0,0
71,0,1
71,0,1
71,0,1
71,0,1
71,0,1
71,0,1
71,0,1
71,0,1
71,0,1
71,0,1
71,0,1
71,0,1
71,0,1
71,0,1
71,0,1
72,0,0
72,0,0
72,0,0
72,0,0
72,0,0
72,0,0
72,0,1
72,0,0
72,0,0
72,0,0
72,0,0
72,0,0
72,0,0
72,0,1
72,0,0
72,0,0
72,0,1
72,0,0
72,0,0
72,0,0
72,0,0
72,0,0
72,0,1
72,0,0
72,0,0
72,0,0
72,0,0
72,0,0
72,0,0
72,0,0
72,0,1
72,0,0
72,0,0
72,0,0
72,0,0
72,0,0
72,0,0
72,0,1
72,0,0
72,0,0
72,0,0
72,0,0
73,1,0
73,1,1
73,1,0
73,1,0
73,1,0
73,1,0
73,1,0
73,1,0
73,1,0
73,1,0
73,1,0
73,1,0
73,1,0
73,1,0
73,1,0
73,1,0
73,1,0
73,1,0
73,1,0
73,1,0
73,1,0
73,1,0
73,1,0
73,1,0
73,1,0
73,1,1
73,1,0
73,1,0
73,1,0
73,1,0
73,1,0
73,1,0
73,1,1
73,1,0
73,1,0
73,1,0
73,1,0
73,1,0
73,1,0
73,1,1
73,1,0
73,1,1
73,1,0
73,1,0
73,1,0
73,1,0
73,1,0
73,1,0
73,1,0
74,1,0
74,1,1
74,1,0
74,1,0
74,1,0
74,1,0
74,1,1
74,1,0
74,1,0
74,1,0
74,1,0
74,1,0
74,1,0
74,1,0
74,1,0
74,1,0
74,1,0
74,1,0
74,1,0
74,1,0
74,1,0
74,1,0
74,1,0
74,1,0
74,1,0
74,1,0
74,1,0
74,1,1
74,1,0
74,1,1
74,1,0
74,1,0
74,1,0
74,1,0
74,1,1
74,1,0
74,1,0
74,1,0
74,1,0
74,1,0
74,1,0
74,1,0
74,1,0
74,1,0
74,1,0
74,1,0
74,1,0
74,1,0
74,1,0
74,1,0
74,1,0
74,1,0
74,1,0
74,1,0
74,1,0
74,1,0
74,1,0
74,1,0
74,1,0
74,1,0
74,1,0
74,1,0
74,1,0
74,1,0
74,1,0
74,1,0
74,1,0
74,1,0
74,1,0
74,1,0
74,1,0
74,1,0
75,1,1
75,1,1
75,1,1
75,1,1
75,1,0
75,1,1
75,1,1
75,1,1
75,1,0
75,1,1
75,1,0
75,1,1
75,1,1
75,1,1
75,1,1
75,1,0
75,1,1
75,1,1
75,1,1
75,1,0
75,1,1
75,1,1
75,1,1
75,1,1
75,1,1
75,1,1
75,1,1
75,1,1
75,1,1
75,1,0
75,1,1
75,1,1
75,1,1
75,1,0
75,1,1
75,1,1
75,1,1
75,1,1
75,1,1
75,1,0
75,1,0
75,1,0
75,1,1
75,1,1
75,1,0
75,1,1
75,1,0
75,1,1
75,1,1
75,1,1
75,1,1
75,1,0
75,1,1
75,1,1
75,1,1
75,1,1
75,1,1
75,1,1
75,1,1
75,1,0
75,1,0
75,1,1
75,1,1
75,1,1
75,1,1
75,1,0
75,1,1
75,1,1
75,1,1
75,1,1
75,1,1
75,1,0
75,1,0
75,1,1
75,1,0
75,1,1
75,1,1
75,1,1
75,1,1
75,1,1
75,1,0
75,1,0
75,1,0
75,1,1
75,1,1
75,1,0
75,1,1
75,1,1
75,1,1
76,1,1
76,1,1
76,1,0
76,1,1
76,1,1
76,1,1
76,1,1
76,1,1
77,1,0
77,1,0
77,1,1
77,1,0
77,1,0
77,1,0
77,1,0
77,1,1
77,1,0
77,1,1
77,1,0
77,1,0
77,1,1
77,1,0
77,1,1
77,1,0
77,1,1
77,1,0
77,1,1
77,1,0
77,1,1
77,1,1
77,1,1
77,1,1
77,1,1
77,1,1
77,1,1
77,1,0
77,1,0
77,1,1
77,1,0
77,1,1
77,1,0
77,1,0
77,1,0
77,1,0
77,1,1
77,1,0
77,1,0
77,1,1
77,1,1
77,1,0
77,1,0
77,1,1
77,1,1
77,1,0
77,1,0
77,1,0
77,1,0
77,1,1
77,1,1
77,1,0
77,1,0
77,1,0
77,1,0
77,1,1
77,1,0
77,1,0
77,1,1
77,1,1
77,1,1
77,1,1
77,1,0
77,1,1
77,1,0
77,1,0
77,1,1
77,1,0
77,1,1
77,1,0
77,1,0
77,1,0
77,1,0
77,1,1
77,1,1
77,1,0
77,1,1
77,1,0
77,1,0
77,1,1
77,1,1
77,1,0
77,1,0
77,1,0
77,1,0
77,1,0
77,1,1
77,1,1
77,1,0
77,1,1
77,1,0
77,1,0
77,1,1
78,1,0
78,1,0
78,1,1
78,1,0
78,1,0
78,1,0
78,1,0
78,1,1
78,1,0
78,1,1
78,1,1
78,1,0
78,1,0
78,1,0
78,1,1
78,1,1
78,1,0
78,1,0
78,1,1
78,1,1
78,1,0
78,1,1
78,1,0
78,1,1
78,1,0
78,1,0
78,1,1
78,1,0
78,1,0
78,1,0
78,1,1
78,1,0
78,1,1
78,1,0
78,1,1
78,1,0
78,1,1
78,1,1
78,1,0
78,1,0
78,1,0
78,1,0
78,1,1
78,1,1
78,1,0
78,1,0
78,1,0
78,1,1
78,1,0
78,1,0
78,1,0
78,1,0
78,1,0
79,0,1
79,0,1
79,0,1
79,0,1
79,0,1
79,0,1
79,0,1
79,0,1
79,0,1
79,0,1
79,0,1
79,0,1
79,0,1
79,0,1
79,0,1
79,0,1
79,0,1
79,0,0
79,0,1
79,0,1
79,0,1
79,0,1
79,0,1
79,0,1
79,0,1
79,0,1
79,0,1
79,0,1
79,0,1
79,0,1
79,0,1
79,0,0
79,0,1
79,0,1
79,0,1
79,0,1
80,0,1
80,0,0
80,0,1
80,0,0
80,0,0
80,0,0
80,0,0
80,0,0
80,0,1
80,0,0
80,0,1
80,0,1
80,0,0
80,0,0
80,0,0
80,0,1
80,0,0
80,0,0
80,0,1
80,0,0
80,0,1
80,0,1
80,0,1
80,0,0
80,0,0
80,0,0
80,0,0
80,0,0
80,0,1
80,0,1
80,0,0
80,0,1
80,0,0
80,0,0
80,0,1
80,0,1
80,0,0
80,0,0
80,0,0
80,0,1
80,0,0
80,0,0
80,0,0
80,0,0
80,0,0
80,0,1
80,0,1
80,0,1
80,0,1
80,0,1
80,0,0
80,0,0
80,0,1
80,0,1
80,0,1
80,0,1
80,0,0
80,0,1
80,0,0
80,0,0
80,0,1
80,0,0
80,0,1
80,0,0
80,0,0
80,0,1
80,0,1
81,1,1
81,1,1
81,1,0
81,1,1
81,1,0
81,1,1
81,1,1
81,1,0
81,1,0
81,1,1
81,1,1
81,1,0
81,1,0
81,1,0
81,1,1
81,1,0
81,1,0
81,1,0
81,1,0
81,1,1
81,1,1
81,1,0
81,1,1
81,1,1
81,1,0
81,1,1
81,1,1
81,1,0
81,1,1
81,1,0
81,1,1
81,1,0
81,1,0
81,1,1
81,1,1
81,1,1
81,1,1
81,1,0
81,1,0
81,1,1
81,1,0
81,1,0
81,1,0
81,1,0
81,1,1
81,1,0
81,1,0
81,1,1
81,1,0
81,1,0
81,1,0
81,1,1
81,1,1
81,1,1
81,1,1
81,1,1
81,1,0
82,0,1
82,0,1
82,0,1
82,0,1
82,0,1
82,0,0
82,0,1
82,0,1
82,0,1
82,0,1
82,0,1
82,0,1
82,0,1
82,0,1
82,0,1
82,0,0
82,0,1
82,0,1
82,0,1
82,0,1
82,0,1
82,0,1
82,0,1
82,0,1
82,0,1
82,0,1
83,1,1
83,1,0
83,1,0
83,1,0
83,1,0
83,1,0
83,1,0
83,1,0
83,1,0
83,1,1
83,1,0
83,1,0
83,1,1
83,1,0
83,1,0
83,1,1
83,1,0
83,1,0
83,1,0
83,1,0
83,1,0
83,1,0
83,1,0
83,1,0
83,1,1
83,1,0
83,1,1
83,1,0
83,1,1
83,1,1
83,1,0
83,1,0
84,0,1
84,0,1
84,0,1
84,0,1
84,0,1
84,0,1
84,0,1
84,0,1
84,0,1
84,0,1
84,0,1
84,0,1
84,0,1
84,0,1
84,0,0
84,0,0
84,0,1
84,0,1
84,0,1
84,0,1
84,0,1
84,0,1
84,0,1
84,0,1
84,0,1
84,0,1
84,0,0
84,0,1
84,0,1
84,0,1
84,0,0
84,0,1
84,0,1
84,0,1
84,0,1
84,0,0
84,0,1
84,0,1
84,0,1
84,0,1
84,0,1
84,0,0
84,0,0
84,0,1
84,0,0
84,0,1
84,0,0
84,0,1
84,0,1
84,0,1
84,0,0
84,0,1
84,0,0
84,0,1
84,0,1
84,0,1
84,0,1
84,0,1
84,0,1
84,0,1
84,0,0
84,0,1
84,0,1
84,0,1
84,0,1
84,0,1
84,0,1
84,0,1
84,0,1
84,0,1
84,0,1
84,0,1
85,1,0
85,1,1
85,1,0
85,1,1
85,1,0
85,1,0
85,1,0
85,1,1
85,1,0
85,1,0
85,1,1
85,1,1
85,1,1
85,1,1
85,1,1
85,1,0
85,1,1
85,1,1
85,1,1
85,1,1
85,1,1
85,1,1
85,1,1
85,1,1
85,1,1
85,1,0
85,1,0
85,1,1
85,1,0
85,1,1
85,1,1
85,1,1
85,1,0
85,1,0
85,1,0
85,1,1
85,1,0
85,1,1
85,1,1
85,1,0
85,1,1
85,1,0
85,1,1
85,1,1
85,1,0
85,1,1
85,1,1
85,1,1
85,1,1
85,1,1
85,1,1
85,1,0
85,1,1
85,1,1
85,1,1
85,1,1
85,1,1
85,1,1
85,1,0
86,1,1
86,1,0
86,1,0
86,1,1
86,1,0
86,1,0
86,1,0
86,1,0
86,1,0
86,1,0
86,1,1
86,1,1
86,1,1
86,1,1
86,1,1
86,1,1
86,1,0
86,1,1
86,1,1
86,1,0
86,1,0
86,1,0
86,1,0
86,1,1
86,1,0
86,1,0
86,1,1
86,1,0
86,1,1
86,1,0
86,1,1
86,1,0
86,1,1
86,1,1
86,1,0
86,1,0
86,1,1
86,1,1
86,1,1
86,1,1
86,1,1
86,1,1
86,1,1
86,1,1
86,1,1
86,1,0
86,1,1
86,1,1
86,1,0
86,1,1
87,0,0
87,0,1
87,0,1
87,0,1
87,0,1
87,0,1
87,0,1
87,0,1
87,0,1
87,0,0
87,0,1
87,0,1
87,0,1
87,0,1
87,0,1
87,0,0
87,0,1
87,0,0
87,0,1
87,0,1
87,0,1
87,0,1
87,0,1
87,0,1
87,0,1
87,0,1
87,0,0
87,0,0
87,0,0
87,0,1
87,0,1
87,0,0
87,0,1
87,0,1
88,1,1
88,1,1
88,1,0
88,1,0
88,1,0
88,1,1
88,1,1
88,1,0
88,1,1
88,1,0
88,1,1
88,1,1
88,1,0
88,1,0
88,1,1
88,1,0
88,1,0
88,1,0
88,1,1
88,1,1
88,1,1
88,1,1
88,1,1
88,1,1
88,1,1
88,1,0
88,1,1
88,1,1
88,1,1
88,1,0
88,1,1
88,1,1
88,1,1
88,1,1
88,1,1
88,1,1
88,1,0
88,1,1
88,1,1
88,1,1
88,1,1
88,1,1
88,1,1
88,1,1
88,1,0
88,1,1
88,1,0
88,1,0
88,1,1
88,1,1
88,1,1
88,1,1
88,1,1
88,1,1
88,1,1
88,1,1
88,1,1
88,1,1
88,1,1
88,1,0
88,1,0
88,1,1
88,1,1
88,1,1
88,1,1
88,1,0
88,1,0
88,1,1
88,1,0
88,1,0
88,1,1
88,1,0
88,1,1
88,1,1
88,1,1
88,1,1
89,0,0
89,0,0
89,0,1
89,0,0
89,0,0
89,0,0
89,0,0
89,0,0
89,0,0
89,0,0
89,0,1
89,0,0
89,0,0
89,0,0
89,0,0
89,0,0
89,0,0
89,0,0
89,0,1
89,0,0
89,0,0
89,0,0
89,0,0
89,0,0
89,0,0
89,0,0
89,0,0
89,0,0
89,0,0
89,0,0
89,0,0
89,0,0
89,0,0
89,0,0
89,0,0
89,0,0
89,0,0
89,0,0
89,0,0
90,0,0
90,0,1
90,0,1
90,0,1
90,0,1
90,0,0
90,0,0
90,0,0
90,0,0
90,0,0
90,0,0
90,0,0
90,0,0
90,0,0
90,0,1
90,0,0
90,0,0
90,0,1
90,0,0
90,0,0
90,0,0
90,0,0
90,0,1
90,0,1
90,0,1
90,0,0
90,0,0
90,0,0
90,0,1
90,0,0
90,0,1
90,0,0
90,0,0
91,1,0
91,1,0
91,1,0
91,1,1
91,1,0
91,1,0
91,1,0
91,1,1
91,1,1
91,1,1
91,1,0
91,1,0
91,1,0
91,1,1
91,1,0
91,1,0
91,1,0
91,1,1
91,1,0
91,1,0
91,1,0
91,1,1
91,1,0
91,1,0
91,1,0
91,1,0
91,1,0
91,1,0
91,1,0
91,1,0
91,1,1
91,1,0
91,1,0
91,1,0
91,1,0
91,1,1
91,1,0
91,1,0
91,1,0
91,1,0
91,1,1
91,1,0
91,1,1
91,1,1
91,1,0
91,1,0
91,1,0
91,1,0
91,1,0
91,1,0
91,1,0
91,1,0
91,1,0
91,1,0
91,1,0
91,1,0
91,1,0
91,1,0
91,1,0
91,1,1
91,1,0
91,1,1
91,1,0
91,1,0
91,1,0
91,1,0
91,1,1
91,1,0
91,1,0
91,1,0
91,1,0
91,1,0
91,1,1
91,1,0
91,1,1
91,1,0
91,1,1
91,1,1
91,1,0
91,1,0
91,1,1
91,1,1
91,1,0
91,1,1
91,1,1
91,1,0
91,1,1
91,1,0
91,1,0
92,1,1
92,1,0
92,1,1
92,1,1
92,1,0
92,1,0
92,1,1
92,1,1
92,1,0
92,1,0
92,1,1
92,1,0
92,1,1
92,1,0
92,1,0
92,1,1
92,1,1
92,1,1
92,1,1
92,1,0
92,1,0
92,1,0
92,1,1
92,1,1
92,1,0
92,1,1
92,1,0
93,0,0
93,0,0
93,0,1
93,0,1
93,0,0
93,0,0
93,0,1
93,0,1
93,0,0
93,0,0
93,0,0
93,0,0
93,0,1
93,0,0
93,0,0
93,0,0
93,0,1
93,0,1
93,0,1
93,0,1
93,0,0
93,0,0
93,0,0
94,1,1
94,1,0
94,1,1
94,1,0
94,1,1
94,1,1
94,1,1
94,1,0
94,1,0
94,1,1
94,1,0
94,1,1
94,1,0
94,1,0
94,1,0
94,1,0
94,1,0
94,1,1
94,1,1
94,1,0
94,1,1
94,1,1
94,1,0
94,1,0
94,1,1
94,1,1
94,1,1
94,1,1
94,1,0
94,1,1
94,1,0
94,1,1
94,1,0
94,1,0
94,1,1
94,1,0
94,1,0
94,1,1
94,1,0
94,1,1
94,1,1
94,1,1
94,1,0
94,1,1
94,1,1
94,1,0
94,1,0
94,1,1
94,1,0
94,1,1
94,1,1
94,1,0
94,1,1
94,1,1
94,1,1
94,1,1
94,1,1
94,1,1
94,1,1
94,1,1
94,1,1
94,1,1
94,1,1
94,1,1
94,1,1
94,1,0
94,1,0
94,1,1
94,1,1
94,1,1
94,1,1
95,1,0
95,1,0
95,1,1
95,1,0
95,1,0
95,1,1
95,1,0
95,1,0
95,1,1
95,1,1
95,1,1
95,1,1
95,1,1
95,1,1
95,1,1
95,1,1
95,1,1
95,1,0
95,1,0
95,1,1
95,1,0
95,1,0
95,1,0
95,1,0
95,1,0
95,1,1
95,1,0
95,1,0
95,1,0
95,1,0
95,1,0
95,1,1
95,1,1
95,1,1
95,1,0
95,1,1
95,1,0
95,1,0
95,1,0
95,1,0
95,1,1
95,1,0
95,1,0
95,1,1
95,1,1
95,1,0
95,1,0
95,1,1
95,1,1
95,1,0
95,1,1
95,1,0
95,1,1
95,1,1
95,1,0
95,1,1
95,1,1
95,1,0
95,1,1
95,1,0
95,1,0
95,1,1
96,1,1
96,1,1
96,1,1
96,1,1
96,1,0
97,0,1
97,0,1
97,0,1
97,0,1
97,0,1
97,0,1
97,0,0
97,0,1
97,0,1
98,1,0
98,1,1
98,1,1
98,1,0
98,1,0
98,1,0
98,1,0
98,1,1
98,1,0
98,1,0
98,1,1
98,1,0
98,1,0
98,1,0
98,1,0
98,1,0
98,1,0
98,1,1
98,1,0
98,1,0
98,1,0
98,1,0
98,1,1
98,1,0
98,1,1
98,1,0
98,1,1
98,1,1
98,1,0
98,1,1
98,1,0
98,1,1
98,1,0
98,1,1
98,1,0
98,1,1
98,1,1
98,1,0
99,1,1
99,1,1
99,1,1
99,1,1
99,1,1
99,1,1
99,1,1
99,1,1
99,1,1
99,1,0
99,1,1
99,1,1
99,1,1
99,1,1
99,1,0
99,1,1
99,1,0
99,1,1
99,1,1
99,1,1
99,1,0
99,1,1
99,1,0
99,1,1
99,1,0
99,1,1
99,1,1
99,1,1
99,1,1
99,1,1
99,1,1
99,1,1
99,1,0
99,1,1
99,1,1
99,1,1
99,1,1
99,1,1
99,1,0
99,1,1
99,1,1
99,1,1
99,1,1
99,1,1
99,1,1
99,1,1
99,1,1
99,1,1
99,1,1
99,1,1
99,1,1
99,1,1
99,1,1
99,1,1
99,1,1
99,1,1
99,1,0
99,1,1
99,1,1
99,1,1
99,1,1
99,1,1
99,1,1
99,1,1
99,1,1
99,1,1
99,1,1
99,1,1
99,1,1
99,1,0
99,1,1
99,1,1
99,1,1
99,1,1
99,1,1
99,1,1
99,1,1
99,1,1
99,1,1
99,1,1
99,1,1
99,1,1
99,1,1
100,0,1
100,0,1
100,0,1
100,0,0
100,0,1
100,0,1
100,0,1
100,0,1
100,0,1
100,0,1
100,0,1
100,0,1
100,0,1
100,0,1
100,0,1
100,0,1
100,0,1
100,0,1
100,0,0
100,0,1
100,0,1
100,0,1
100,0,1
100,0,1
100,0,0
100,0,0
100,0,1
100,0,1
100,0,1
100,0,1
100,0,1
100,0,1
100,0,1
100,0,1
100,0,1
100,0,1
100,0,1
100,0,1
100,0,1
100,0,1
101,0,1
101,0,1
101,0,1
101,0,1
101,0,1
101,0,1
101,0,1
101,0,1
101,0,1
101,0,1
101,0,1
101,0,0
101,0,0
101,0,0
101,0,0
101,0,0
101,0,0
101,0,0
101,0,1
101,0,0
101,0,1
101,0,1
101,0,1
101,0,1
101,0,1
101,0,0
101,0,0
101,0,1
101,0,1
101,0,1
101,0,1
101,0,0
101,0,0
101,0,0
101,0,1
101,0,1
101,0,0
101,0,1
101,0,0
101,0,1
101,0,1
101,0,0
101,0,0
101,0,0
101,0,1
101,0,1
101,0,1
101,0,0
101,0,1
101,0,1
101,0,1
101,0,1
101,0,0
101,0,1
101,0,1
101,0,0
101,0,1
101,0,1
101,0,1
101,0,1
101,0,1
101,0,1
101,0,1
101,0,0
101,0,1
101,0,0
101,0,1
101,0,1
101,0,1
101,0,1
101,0,1
101,0,0
101,0,0
101,0,0
101,0,1
101,0,0
101,0,0
101,0,1
102,0,0
102,0,0
102,0,0
102,0,0
102,0,0
102,0,0
102,0,0
102,0,1
102,0,0
102,0,0
102,0,0
102,0,0
102,0,0
102,0,0
102,0,0
102,0,0
102,0,0
102,0,0
102,0,0
102,0,0
102,0,0
102,0,0
102,0,1
102,0,0
102,0,0
102,0,0
102,0,0
102,0,0
102,0,0
102,0,0
102,0,0
102,0,0
103,0,1
103,0,1
103,0,0
103,0,1
103,0,1
103,0,0
103,0,1
103,0,1
103,0,1
103,0,0
103,0,1
103,0,0
103,0,0
103,0,1
103,0,1
103,0,1
103,0,1
103,0,0
103,0,1
103,0,0
103,0,1
103,0,1
103,0,1
103,0,0
104,0,1
104,0,0
104,0,0
104,0,1
104,0,1
104,0,1
104,0,1
104,0,0
104,0,1
104,0,1
104,0,1
104,0,0
104,0,1
104,0,0
104,0,1
104,0,1
104,0,1
104,0,0
104,0,1
104,0,1
104,0,1
104,0,1
104,0,0
104,0,0
104,0,1
104,0,1
104,0,0
104,0,0
104,0,1
104,0,0
104,0,1
104,0,0
104,0,0
104,0,0
104,0,1
104,0,1
104,0,1
104,0,1
104,0,0
104,0,1
104,0,0
104,0,1
104,0,0
104,0,1
104,0,0
104,0,1
104,0,1
104,0,1
104,0,0
104,0,0
104,0,0
104,0,1
104,0,1
104,0,0
104,0,1
104,0,1
104,0,1
104,0,1
104,0,1
104,0,0
104,0,1
104,0,1
104,0,0
104,0,0
104,0,0
104,0,0
104,0,0
104,0,1
104,0,0
104,0,0
104,0,1
104,0,0
104,0,0
104,0,0
104,0,0
104,0,1
104,0,0
104,0,1
104,0,1
105,0,1
105,0,1
105,0,1
105,0,0
105,0,1
105,0,1
105,0,1
105,0,1
105,0,1
105,0,1
105,0,0
105,0,1
105,0,0
105,0,0
105,0,1
105,0,0
105,0,1
105,0,1
105,0,1
105,0,1
105,0,1
105,0,1
105,0,1
105,0,1
105,0,1
105,0,1
105,0,1
105,0,1
105,0,1
105,0,1
105,0,1
105,0,1
105,0,0
105,0,1
105,0,1
105,0,1
105,0,0
105,0,1
105,0,1
105,0,1
105,0,1
105,0,1
105,0,1
105,0,1
105,0,1
105,0,1
105,0,1
105,0,1
105,0,1
105,0,1
105,0,1
105,0,1
105,0,1
105,0,0
105,0,1
105,0,0
105,0,1
105,0,1
105,0,0
105,0,0
105,0,1
105,0,1
105,0,1
105,0,1
105,0,1
105,0,1
105,0,1
105,0,1
105,0,1
105,0,0
105,0,1
105,0,0
105,0,1
105,0,0
105,0,1
105,0,1
105,0,1
105,0,0
105,0,1
105,0,0
105,0,0
105,0,1
105,0,1
105,0,0
105,0,1
105,0,1
105,0,1
106,0,0
106,0,1
106,0,1
106,0,0
106,0,1
106,0,1
106,0,1
106,0,0
107,1,1
107,1,1
107,1,1
107,1,1
107,1,1
107,1,1
108,1,1
108,1,1
108,1,1
108,1,1
108,1,1
108,1,1
108,1,1
108,1,1
108,1,1
108,1,1
108,1,1
108,1,1
108,1,1
108,1,1
108,1,1
108,1,1
108,1,1
108,1,1
108,1,1
108,1,1
108,1,1
108,1,1
108,1,1
108,1,1
108,1,1
108,1,1
108,1,1
108,1,1
108,1,0
108,1,1
108,1,1
108,1,1
108,1,1
108,1,1
108,1,1
108,1,1
108,1,1
108,1,1
108,1,1
108,1,1
108,1,1
108,1,1
108,1,0
108,1,1
108,1,1
108,1,0
108,1,1
108,1,1
108,1,0
108,1,1
108,1,0
108,1,1
108,1,1
108,1,1
108,1,1
108,1,1
108,1,0
108,1,1
108,1,1
108,1,1
108,1,1
108,1,0
108,1,0
108,1,1
108,1,0
108,1,1
108,1,1
109,0,0
109,0,1
109,0,1
109,0,1
109,0,0
109,0,0
109,0,0
109,0,1
109,0,0
109,0,1
109,0,0
109,0,0
109,0,0
109,0,0
109,0,1
109,0,0
109,0,0
109,0,0
109,0,1
109,0,1
109,0,0
109,0,1
109,0,0
109,0,0
109,0,0
109,0,1
109,0,0
109,0,0
109,0,0
109,0,0
109,0,0
109,0,0
109,0,0
109,0,0
110,1,1
110,1,1
110,1,1
110,1,0
110,1,0
110,1,1
110,1,0
110,1,1
110,1,0
110,1,1
110,1,1
110,1,1
110,1,0
110,1,0
110,1,1
110,1,0
110,1,1
110,1,1
110,1,1
110,1,0
110,1,1
110,1,0
110,1,0
110,1,0
110,1,1
110,1,1
110,1,1
110,1,0
110,1,1
110,1,0
110,1,0
110,1,1
110,1,1
110,1,1
110,1,1
110,1,0
110,1,0
110,1,1
110,1,1
110,1,1
110,1,1
110,1,1
110,1,1
110,1,0
110,1,0
110,1,1
110,1,1
110,1,0
110,1,1
110,1,1
110,1,0
110,1,0
110,1,0
110,1,1
110,1,1
110,1,0
110,1,0
111,1,1
111,1,0
111,1,0
111,1,1
111,1,0
111,1,1
111,1,1
111,1,0
111,1,1
111,1,0
111,1,1
111,1,1
111,1,0
111,1,0
111,1,1
112,1,1
112,1,1
112,1,1
112,1,1
112,1,1
112,1,0
112,1,1
112,1,1
112,1,0
112,1,1
112,1,1
112,1,0
112,1,0
112,1,1
112,1,1
112,1,1
112,1,1
112,1,1
112,1,1
112,1,1
112,1,0
112,1,1
112,1,1
112,1,0
112,1,1
112,1,1
112,1,1
112,1,1
112,1,1
112,1,1
112,1,1
112,1,1
112,1,1
112,1,1
112,1,0
112,1,1
112,1,1
112,1,1
112,1,1
112,1,0
112,1,1
112,1,1
112,1,1
112,1,1
112,1,1
112,1,1
112,1,1
112,1,1
112,1,0
112,1,0
112,1,0
112,1,1
112,1,1
112,1,1
112,1,1
112,1,0
112,1,1
112,1,1
112,1,1
112,1,1
112,1,0
112,1,1
112,1,1
112,1,0
112,1,1
112,1,1
112,1,1
112,1,1
112,1,1
112,1,1
112,1,1
112,1,1
112,1,1
112,1,1
112,1,1
112,1,0
112,1,1
112,1,1
112,1,1
112,1,0
112,1,1
112,1,1
112,1,1
112,1,1
112,1,1
112,1,1
113,1,1
113,1,0
113,1,1
113,1,0
113,1,1
113,1,1
113,1,0
113,1,1
113,1,1
113,1,1
113,1,1
113,1,1
113,1,1
113,1,1
113,1,1
113,1,1
113,1,1
113,1,1
113,1,0
113,1,1
113,1,1
113,1,0
113,1,0
113,1,0
113,1,1
113,1,1
113,1,1
113,1,0
113,1,0
113,1,1
113,1,0
113,1,1
113,1,0
113,1,1
113,1,1
113,1,1
113,1,1
113,1,1
113,1,0
113,1,1
113,1,1
113,1,1
113,1,1
113,1,1
113,1,1
114,1,0
114,1,0
114,1,1
114,1,1
114,1,0
114,1,1
114,1,0
114,1,0
114,1,0
114,1,0
114,1,1
114,1,0
114,1,0
114,1,0
114,1,0
114,1,1
114,1,0
114,1,1
114,1,0
114,1,0
114,1,0
114,1,1
114,1,0
114,1,0
114,1,1
114,1,0
114,1,1
114,1,1
114,1,0
114,1,1
114,1,1
114,1,1
114,1,0
114,1,0
114,1,0
114,1,0
114,1,0
114,1,0
114,1,0
114,1,1
114,1,0
114,1,0
114,1,0
114,1,0
114,1,1
114,1,1
114,1,0
114,1,0
114,1,1
114,1,0
114,1,1
114,1,0
114,1,0
114,1,0
114,1,0
114,1,0
114,1,0
114,1,0
114,1,0
114,1,0
114,1,0
114,1,0
114,1,1
114,1,1
114,1,1
114,1,0
114,1,1
114,1,1
114,1,0
114,1,0
114,1,0
114,1,0
114,1,0
114,1,0
114,1,0
114,1,0
114,1,0
114,1,0
114,1,1
114,1,1
114,1,0
114,1,0
114,1,0
114,1,0
114,1,0
114,1,1
114,1,0
114,1,1
114,1,1
115,0,0
115,0,0
115,0,1
115,0,0
115,0,0
115,0,1
115,0,0
115,0,1
115,0,0
115,0,0
115,0,0
115,0,0
115,0,0
115,0,0
115,0,0
115,0,0
115,0,0
115,0,0
115,0,0
115,0,0
115,0,0
115,0,0
115,0,0
115,0,0
115,0,0
115,0,0
115,0,1
115,0,0
115,0,1
115,0,1
115,0,0
115,0,0
115,0,0
115,0,0
115,0,0
115,0,0
115,0,1
115,0,0
115,0,1
115,0,0
115,0,0
115,0,0
115,0,1
115,0,0
115,0,0
115,0,0
115,0,0
115,0,0
115,0,0
115,0,0
115,0,0
115,0,0
115,0,1
115,0,0
115,0,0
115,0,0
115,0,0
115,0,0
115,0,0
115,0,0
115,0,0
115,0,1
115,0,0
115,0,1
115,0,0
115,0,0
115,0,1
115,0,0
115,0,0
115,0,0
115,0,0
115,0,0
115,0,0
115,0,0
115,0,0
115,0,0
115,0,0
115,0,1
115,0,0
116,0,1
116,0,1
116,0,0
116,0,0
116,0,1
116,0,1
116,0,1
116,0,1
116,0,1
116,0,0
116,0,1
116,0,1
116,0,0
116,0,1
116,0,1
116,0,0
116,0,1
116,0,1
116,0,1
116,0,1
116,0,0
116,0,1
116,0,1
116,0,1
116,0,0
116,0,1
116,0,1
116,0,1
116,0,1
116,0,0
116,0,1
116,0,1
116,0,0
116,0,1
116,0,1
116,0,1
116,0,1
116,0,1
116,0,1
116,0,1
116,0,1
116,0,0
116,0,0
116,0,1
116,0,1
116,0,1
116,0,1
116,0,1
116,0,1
116,0,1
116,0,1
116,0,1
116,0,1
116,0,1
116,0,1
116,0,1
116,0,1
116,0,1
116,0,0
116,0,1
116,0,1
116,0,1
116,0,0
116,0,1
116,0,1
116,0,1
116,0,1
116,0,1
116,0,1
116,0,0
117,1,1
117,1,0
117,1,1
117,1,1
117,1,1
117,1,0
117,1,1
117,1,1
117,1,1
117,1,1
117,1,1
117,1,0
117,1,1
117,1,1
117,1,1
117,1,1
117,1,0
117,1,1
117,1,1
117,1,1
117,1,1
117,1,1
117,1,0
118,0,1
118,0,1
118,0,0
118,0,0
118,0,0
118,0,1
118,0,0
118,0,0
118,0,0
118,0,0
118,0,1
118,0,0
118,0,0
118,0,1
118,0,1
118,0,0
118,0,0
118,0,0
118,0,0
118,0,0
118,0,0
118,0,0
118,0,0
118,0,0
118,0,0
118,0,0
118,0,0
118,0,0
118,0,0
118,0,0
118,0,0
118,0,0
118,0,0
118,0,1
118,0,0
118,0,0
118,0,1
118,0,0
118,0,1
118,0,1
118,0,0
118,0,0
118,0,0
118,0,0
118,0,0
118,0,0
118,0,0
118,0,0
118,0,1
118,0,0
118,0,0
118,0,0
118,0,0
118,0,0
118,0,0
118,0,0
118,0,0
118,0,0
118,0,0
118,0,0
118,0,0
118,0,0
118,0,0
118,0,0
118,0,0
118,0,0
118,0,0
118,0,0
118,0,0
118,0,0
118,0,1
118,0,0
118,0,0
118,0,1
118,0,0
118,0,0
119,0,0
119,0,0
119,0,1
119,0,1
119,0,1
119,0,1
120,0,1
120,0,1
120,0,0
120,0,1
120,0,0
120,0,0
120,0,1
120,0,0
120,0,0
120,0,0
120,0,1
120,0,0
120,0,1
120,0,1
120,0,1
120,0,0
120,0,1
120,0,1
120,0,1
120,0,1
120,0,0
120,0,1
120,0,0
120,0,1
120,0,1
120,0,1
120,0,1
120,0,1
120,0,1
120,0,1
120,0,0
120,0,1
120,0,0
120,0,1
120,0,1
120,0,1
120,0,1
120,0,1
120,0,1
120,0,0
120,0,1
120,0,0
120,0,1
120,0,1
120,0,1
120,0,1
120,0,1
120,0,0
120,0,0
120,0,1
120,0,1
120,0,0
120,0,0
120,0,1
120,0,1
120,0,0
120,0,0
121,0,0
121,0,1
121,0,0
121,0,1
121,0,0
121,0,0
121,0,1
121,0,0
121,0,1
121,0,0
121,0,0
121,0,0
121,0,0
121,0,1
121,0,1
121,0,0
121,0,1
121,0,0
121,0,1
121,0,1
121,0,1
121,0,0
121,0,0
121,0,0
121,0,1
121,0,0
121,0,1
121,0,0
121,0,0
121,0,0
121,0,0
121,0,0
121,0,0
121,0,1
121,0,0
121,0,0
121,0,0
121,0,1
121,0,1
121,0,0
121,0,0
122,0,1
122,0,1
122,0,1
122,0,1
122,0,1
122,0,1
122,0,1
122,0,1
122,0,1
122,0,1
122,0,1
122,0,0
122,0,1
122,0,1
122,0,1
122,0,1
122,0,1
122,0,1
122,0,1
122,0,1
122,0,1
122,0,1
122,0,1
122,0,1
122,0,1
122,0,1
122,0,1
122,0,1
122,0,1
122,0,1
122,0,1
122,0,1
122,0,1
122,0,1
122,0,1
122,0,1
122,0,1
122,0,1
122,0,1
122,0,1
122,0,1
122,0,1
122,0,1
122,0,1
122,0,1
122,0,1
122,0,1
122,0,0
122,0,1
122,0,1
122,0,1
122,0,1
122,0,1
122,0,1
122,0,1
122,0,1
122,0,0
122,0,1
122,0,1
122,0,1
122,0,1
122,0,1
122,0,1
122,0,1
122,0,0
122,0,1
122,0,1
122,0,1
122,0,1
122,0,1
122,0,1
122,0,1
122,0,0
122,0,1
122,0,1
122,0,1
122,0,1
122,0,1
122,0,1
122,0,1
122,0,1
122,0,1
122,0,1
122,0,1
122,0,1
122,0,1
122,0,1
122,0,1
122,0,1
122,0,1
122,0,1
122,0,1
122,0,1
122,0,1
122,0,1
122,0,0
122,0,1
122,0,1
122,0,1
123,0,0
123,0,0
123,0,0
123,0,0
123,0,0
123,0,0
123,0,1
123,0,0
123,0,0
123,0,0
123,0,0
123,0,0
123,0,0
123,0,0
123,0,0
123,0,0
123,0,1
123,0,0
123,0,0
123,0,0
124,0,1
124,0,1
124,0,1
124,0,1
124,0,1
124,0,0
124,0,1
124,0,1
124,0,1
124,0,0
124,0,1
124,0,1
124,0,1
124,0,1
124,0,0
124,0,0
124,0,1
124,0,1
124,0,1
124,0,0
124,0,1
124,0,1
124,0,1
124,0,1
124,0,1
124,0,1
124,0,0
124,0,0
124,0,0
124,0,0
124,0,0
124,0,1
124,0,0
124,0,0
124,0,0
124,0,0
124,0,1
124,0,0
124,0,0
124,0,0
124,0,0
124,0,1
124,0,1
124,0,1
124,0,1
124,0,1
124,0,1
124,0,1
124,0,1
124,0,1
124,0,0
124,0,1
124,0,1
124,0,1
124,0,0
124,0,0
124,0,1
124,0,1
124,0,0
124,0,0
124,0,1
124,0,1
124,0,0
124,0,0
124,0,0
124,0,1
124,0,0
124,0,1
124,0,0
124,0,1
124,0,0
124,0,1
124,0,0
124,0,1
124,0,1
124,0,0
124,0,1
124,0,1
124,0,1
124,0,1
124,0,0
124,0,1
124,0,1
124,0,0
124,0,0
124,0,0
124,0,1
124,0,1
124,0,1
124,0,1
124,0,0
124,0,0
124,0,0
124,0,1
125,0,1
125,0,0
125,0,1
125,0,0
125,0,1
125,0,0
125,0,0
125,0,0
125,0,1
126,0,0
126,0,0
126,0,0
126,0,0
126,0,0
126,0,1
126,0,0
126,0,0
126,0,0
126,0,0
126,0,0
126,0,0
126,0,1
126,0,1
126,0,0
126,0,0
126,0,0
126,0,1
126,0,1
126,0,0
126,0,0
126,0,0
126,0,0
126,0,0
126,0,0
126,0,0
126,0,0
126,0,1
126,0,1
126,0,0
126,0,0
126,0,0
126,0,0
126,0,0
126,0,0
126,0,0
126,0,0
126,0,0
126,0,0
126,0,0
126,0,0
126,0,0
126,0,0
126,0,0
126,0,0
126,0,0
126,0,0
126,0,0
126,0,0
126,0,0
126,0,0
126,0,0
126,0,0
126,0,0
126,0,1
126,0,0
126,0,0
126,0,1
126,0,0
126,0,0
126,0,0
126,0,0
127,1,0
127,1,0
127,1,0
127,1,0
127,1,0
127,1,0
127,1,0
127,1,0
127,1,0
127,1,0
127,1,1
127,1,1
127,1,0
127,1,0
127,1,1
127,1,0
127,1,0
127,1,0
127,1,0
127,1,0
127,1,0
127,1,0
127,1,1
127,1,0
127,1,0
127,1,1
127,1,0
127,1,0
127,1,1
127,1,0
127,1,0
127,1,0
127,1,1
127,1,1
127,1,0
127,1,1
127,1,0
127,1,0
127,1,1
127,1,0
127,1,0
127,1,1
127,1,1
127,1,0
127,1,0
127,1,1
127,1,0
127,1,1
127,1,0
127,1,1
127,1,0
127,1,1
127,1,1
127,1,1
127,1,0
127,1,0
127,1,0
127,1,1
128,1,0
128,1,0
128,1,1
128,1,1
128,1,1
128,1,1
128,1,1
128,1,1
128,1,1
128,1,1
128,1,0
128,1,1
128,1,0
128,1,1
128,1,1
128,1,1
128,1,1
128,1,1
128,1,0
128,1,0
128,1,1
128,1,0
128,1,1
128,1,1
128,1,1
128,1,1
128,1,1
128,1,1
128,1,0
128,1,1
128,1,0
128,1,1
128,1,0
128,1,0
128,1,1
128,1,0
128,1,0
128,1,1
128,1,1
128,1,0
128,1,1
128,1,1
128,1,1
128,1,0
128,1,1
128,1,1
128,1,1
128,1,1
128,1,1
128,1,0
128,1,1
128,1,1
128,1,1
128,1,1
128,1,1
128,1,0
128,1,0
128,1,1
128,1,1
128,1,0
128,1,1
128,1,1
128,1,1
128,1,1
128,1,1
128,1,0
128,1,1
128,1,1
128,1,1
128,1,1
128,1,1
128,1,1
128,1,1
128,1,1
128,1,1
128,1,1
128,1,1
128,1,1
128,1,1
128,1,1
128,1,1
128,1,1
128,1,0
128,1,1
128,1,1
128,1,1
128,1,0
128,1,0
128,1,1
129,1,0
129,1,0
129,1,1
129,1,0
129,1,1
129,1,1
129,1,0
129,1,0
129,1,0
129,1,1
129,1,1
129,1,1
129,1,0
129,1,0
129,1,1
129,1,1
129,1,1
129,1,1
129,1,1
129,1,0
129,1,0
129,1,1
129,1,0
129,1,0
129,1,0
129,1,0
129,1,0
129,1,1
129,1,1
129,1,0
130,0,1
130,0,1
130,0,1
130,0,1
130,0,1
130,0,1
130,0,1
130,0,1
130,0,1
130,0,1
130,0,1
130,0,1
130,0,1
130,0,1
130,0,1
130,0,1
130,0,1
130,0,1
130,0,1
130,0,1
130,0,1
130,0,1
130,0,1
130,0,1
130,0,1
130,0,0
130,0,1
130,0,1
130,0,1
130,0,1
130,0,1
130,0,1
130,0,1
130,0,1
130,0,1
130,0,1
130,0,1
130,0,1
130,0,1
130,0,1
130,0,1
130,0,1
130,0,1
130,0,1
130,0,1
130,0,1
130,0,1
130,0,1
130,0,1
130,0,1
130,0,1
130,0,1
130,0,1
130,0,0
130,0,1
130,0,1
130,0,1
130,0,1
130,0,1
130,0,1
130,0,1
130,0,1
130,0,1
130,0,1
130,0,1
130,0,1
130,0,1
130,0,1
130,0,1
130,0,1
130,0,1
130,0,1
130,0,1
130,0,1
130,0,1
130,0,1
130,0,1
130,0,1
130,0,1
130,0,1
130,0,1
130,0,1
130,0,0
130,0,1
130,0,1
130,0,1
130,0,1
130,0,1
130,0,1
130,0,1
131,0,0
131,0,0
131,0,0
131,0,0
131,0,0
131,0,1
131,0,0
131,0,0
131,0,0
131,0,0
131,0,0
131,0,0
131,0,0
131,0,0
131,0,0
131,0,0
131,0,0
131,0,0
131,0,0
131,0,0
131,0,1
131,0,0
131,0,1
131,0,0
131,0,1
131,0,0
131,0,0
131,0,0
131,0,0
131,0,0
131,0,0
131,0,0
131,0,0
131,0,1
131,0,0
131,0,0
131,0,0
131,0,0
131,0,1
131,0,0
131,0,1
131,0,1
131,0,0
131,0,0
131,0,1
131,0,1
131,0,1
131,0,0
131,0,0
131,0,0
131,0,0
131,0,1
131,0,1
131,0,0
131,0,0
131,0,0
131,0,0
131,0,0
131,0,0
131,0,0
131,0,1
131,0,0
131,0,0
131,0,1
131,0,1
131,0,0
131,0,1
132,1,1
132,1,1
132,1,1
132,1,0
132,1,1
132,1,1
132,1,1
132,1,1
132,1,1
132,1,1
132,1,0
132,1,1
132,1,1
132,1,1
132,1,0
132,1,1
132,1,1
132,1,1
132,1,1
132,1,1
132,1,1
132,1,1
132,1,0
132,1,1
132,1,1
132,1,1
132,1,1
132,1,1
132,1,1
132,1,0
132,1,1
132,1,1
132,1,1
132,1,1
132,1,0
132,1,0
132,1,0
132,1,1
132,1,1
132,1,1
132,1,1
132,1,1
132,1,0
132,1,1
132,1,0
132,1,1
132,1,1
132,1,1
132,1,1
132,1,1
132,1,1
132,1,1
132,1,1
132,1,1
132,1,1
132,1,1
132,1,1
132,1,1
132,1,1
132,1,0
132,1,1
132,1,1
132,1,1
132,1,0
132,1,1
132,1,1
132,1,0
132,1,1
132,1,1
132,1,1
132,1,1
132,1,1
132,1,1
132,1,1
132,1,1
132,1,1
132,1,1
132,1,1
132,1,1
132,1,1
132,1,1
132,1,1
132,1,1
132,1,0
132,1,1
132,1,1
132,1,1
132,1,1
132,1,1
133,0,1
133,0,0
133,0,0
133,0,0
133,0,0
133,0,0
133,0,0
133,0,0
133,0,0
133,0,0
133,0,0
133,0,0
133,0,0
133,0,0
133,0,0
133,0,0
133,0,0
133,0,0
133,0,0
133,0,0
134,1,0
134,1,0
134,1,0
134,1,0
134,1,0
134,1,0
134,1,0
134,1,0
134,1,0
134,1,0
134,1,0
134,1,0
134,1,1
134,1,0
134,1,1
134,1,0
134,1,0
134,1,0
134,1,0
134,1,0
134,1,0
134,1,0
134,1,0
134,1,1
134,1,0
134,1,0
134,1,0
134,1,0
134,1,0
134,1,0
134,1,0
134,1,0
134,1,0
134,1,0
134,1,0
134,1,1
134,1,0
134,1,0
134,1,1
134,1,0
134,1,1
134,1,0
134,1,0
134,1,0
134,1,0
134,1,0
134,1,0
134,1,1
134,1,0
134,1,0
134,1,1
134,1,0
134,1,0
134,1,0
134,1,0
134,1,1
134,1,0
134,1,1
134,1,0
134,1,0
134,1,0
134,1,0
134,1,0
134,1,0
134,1,1
134,1,1
134,1,0
134,1,0
134,1,0
134,1,1
134,1,0
134,1,0
134,1,0
134,1,0
134,1,0
134,1,1
135,1,0
135,1,1
135,1,0
135,1,0
135,1,0
135,1,1
135,1,0
135,1,0
135,1,0
135,1,0
135,1,1
135,1,0
135,1,0
135,1,0
135,1,0
135,1,0
135,1,1
135,1,0
135,1,0
135,1,0
135,1,0
135,1,1
135,1,0
135,1,0
135,1,0
135,1,0
135,1,0
135,1,0
135,1,0
135,1,0
135,1,1
135,1,0
135,1,0
135,1,0
135,1,0
135,1,0
135,1,1
135,1,0
135,1,1
135,1,0
135,1,0
135,1,1
135,1,1
135,1,0
135,1,1
135,1,1
135,1,0
135,1,0
135,1,0
135,1,0
135,1,0
135,1,0
135,1,0
135,1,0
135,1,0
135,1,1
135,1,0
135,1,0
135,1,1
135,1,0
135,1,0
135,1,0
135,1,0
135,1,0
135,1,0
135,1,0
135,1,0
135,1,1
135,1,1
135,1,0
135,1,1
135,1,0
135,1,1
135,1,0
135,1,0
135,1,1
135,1,0
135,1,0
135,1,0
135,1,0
135,1,0
135,1,0
135,1,1
135,1,0
135,1,0
135,1,1
135,1,0
135,1,0
135,1,0
135,1,1
135,1,0
135,1,0
135,1,0
135,1,1
136,1,1
136,1,0
136,1,1
136,1,1
136,1,0
137,1,0
137,1,0
137,1,1
137,1,0
137,1,1
137,1,0
137,1,0
137,1,1
137,1,0
137,1,1
137,1,0
137,1,1
137,1,1
137,1,1
137,1,1
137,1,0
137,1,0
137,1,1
137,1,1
137,1,1
137,1,1
137,1,1
137,1,1
137,1,1
137,1,0
137,1,0
137,1,0
137,1,1
137,1,0
137,1,1
137,1,1
137,1,1
137,1,0
137,1,0
137,1,1
137,1,0
137,1,1
138,0,0
138,0,0
138,0,0
138,0,0
138,0,1
138,0,1
138,0,0
138,0,0
138,0,0
138,0,0
138,0,0
138,0,0
138,0,0
138,0,1
138,0,0
138,0,0
138,0,0
138,0,1
138,0,0
138,0,1
138,0,0
138,0,0
138,0,0
138,0,1
138,0,0
138,0,0
138,0,0
138,0,0
138,0,0
138,0,0
138,0,0
138,0,0
138,0,0
138,0,0
138,0,0
138,0,0
138,0,1
138,0,0
138,0,0
138,0,0
138,0,0
138,0,0
138,0,0
138,0,0
138,0,0
138,0,0
138,0,1
138,0,0
138,0,0
138,0,0
138,0,0
138,0,0
138,0,0
138,0,0
138,0,0
138,0,0
138,0,0
138,0,0
138,0,1
138,0,1
138,0,1
138,0,0
138,0,0
138,0,0
139,1,1
139,1,1
139,1,0
139,1,1
139,1,1
139,1,1
139,1,1
139,1,1
139,1,1
139,1,1
139,1,1
140,1,1
140,1,1
140,1,1
140,1,1
140,1,1
140,1,1
140,1,1
140,1,1
140,1,1
140,1,1
140,1,1
140,1,1
140,1,1
140,1,1
140,1,0
140,1,0
140,1,1
140,1,1
140,1,1
140,1,1
140,1,0
140,1,1
140,1,0
140,1,1
140,1,0
140,1,1
140,1,0
140,1,1
140,1,1
140,1,1
140,1,1
140,1,1
140,1,1
140,1,1
140,1,1
140,1,1
140,1,0
140,1,1
140,1,1
140,1,1
140,1,1
140,1,1
140,1,1
140,1,1
140,1,1
140,1,1
140,1,1
140,1,0
140,1,1
140,1,0
140,1,0
141,0,1
141,0,1
141,0,0
141,0,1
141,0,1
141,0,1
141,0,1
141,0,1
141,0,0
141,0,0
141,0,0
141,0,1
141,0,1
141,0,0
141,0,1
141,0,0
141,0,1
141,0,1
141,0,0
141,0,1
141,0,1
141,0,0
141,0,0
141,0,1
141,0,1
141,0,1
141,0,1
141,0,0
141,0,0
141,0,0
141,0,1
141,0,1
141,0,1
141,0,1
141,0,1
141,0,1
141,0,0
141,0,1
141,0,1
141,0,1
141,0,1
141,0,1
141,0,0
141,0,0
141,0,0
141,0,1
141,0,1
141,0,1
141,0,1
141,0,1
141,0,1
141,0,1
141,0,0
141,0,1
141,0,1
141,0,1
141,0,1
141,0,0
141,0,1
141,0,1
141,0,1
141,0,1
141,0,0
142,1,0
142,1,1
142,1,0
142,1,0
142,1,1
142,1,0
142,1,0
142,1,1
142,1,1
142,1,0
142,1,1
142,1,0
142,1,1
142,1,0
142,1,1
142,1,0
142,1,0
142,1,1
142,1,0
142,1,1
142,1,1
142,1,1
142,1,0
142,1,1
142,1,1
142,1,0
142,1,1
142,1,0
142,1,0
142,1,0
142,1,1
142,1,1
142,1,1
142,1,0
142,1,1
142,1,1
142,1,0
142,1,1
142,1,1
142,1,0
142,1,1
142,1,0
142,1,0
142,1,0
142,1,0
142,1,1
142,1,1
142,1,0
142,1,0
142,1,0
142,1,1
142,1,0
142,1,1
142,1,1
142,1,0
142,1,1
142,1,0
142,1,0
142,1,0
142,1,0
142,1,1
142,1,0
142,1,0
142,1,1
142,1,0
142,1,0
142,1,1
142,1,1
142,1,0
142,1,1
142,1,1
142,1,1
142,1,1
142,1,1
142,1,0
142,1,0
143,1,0
143,1,1
143,1,1
143,1,0
143,1,0
143,1,0
143,1,0
143,1,1
143,1,0
143,1,1
143,1,0
143,1,0
143,1,0
143,1,0
143,1,0
143,1,1
143,1,1
143,1,0
143,1,1
143,1,1
143,1,0
143,1,1
143,1,0
143,1,1
143,1,1
143,1,1
143,1,0
143,1,1
143,1,1
143,1,0
143,1,1
143,1,0
143,1,1
143,1,1
143,1,1
143,1,1
143,1,1
143,1,0
143,1,1
143,1,1
143,1,1
143,1,0
143,1,0
143,1,1
143,1,0
143,1,0
143,1,0
143,1,1
143,1,0
143,1,1
143,1,0
143,1,1
143,1,1
143,1,1
143,1,1
143,1,1
143,1,1
143,1,1
143,1,0
143,1,0
143,1,1
143,1,1
143,1,0
143,1,0
143,1,0
143,1,1
143,1,1
143,1,0
143,1,1
143,1,1
143,1,1
143,1,1
143,1,1
143,1,0
143,1,1
143,1,0
143,1,1
143,1,1
143,1,1
143,1,1
143,1,1
143,1,1
143,1,1
143,1,1
143,1,0
143,1,0
143,1,1
143,1,1
143,1,0
143,1,0
143,1,1
143,1,0
144,1,1
144,1,0
144,1,1
144,1,0
144,1,1
144,1,1
144,1,1
144,1,0
144,1,1
144,1,1
144,1,1
144,1,1
144,1,1
144,1,1
144,1,1
144,1,1
144,1,1
144,1,1
144,1,0
144,1,1
144,1,1
144,1,1
144,1,1
144,1,1
144,1,1
144,1,1
144,1,1
144,1,1
144,1,1
144,1,0
144,1,1
144,1,1
144,1,1
144,1,0
144,1,1
144,1,1
144,1,0
144,1,1
144,1,1
144,1,1
144,1,1
145,0,0
145,0,0
145,0,0
145,0,0
145,0,0
145,0,0
145,0,0
145,0,0
145,0,0
145,0,0
145,0,0
145,0,0
145,0,1
145,0,0
145,0,0
145,0,0
145,0,0
145,0,0
145,0,0
145,0,1
145,0,0
145,0,0
145,0,0
145,0,0
145,0,1
145,0,0
145,0,0
145,0,0
145,0,0
145,0,0
145,0,0
145,0,0
145,0,1
145,0,0
145,0,0
145,0,0
145,0,0
145,0,0
145,0,0
145,0,0
145,0,0
145,0,0
145,0,0
145,0,0
146,0,0
146,0,0
146,0,0
146,0,0
146,0,0
146,0,0
146,0,1
146,0,0
146,0,1
146,0,1
146,0,0
146,0,0
146,0,0
146,0,1
146,0,0
146,0,1
146,0,0
146,0,0
146,0,0
146,0,0
146,0,0
146,0,0
146,0,0
146,0,0
146,0,0
146,0,0
146,0,0
146,0,0
146,0,0
146,0,0
146,0,0
146,0,1
146,0,0
146,0,0
146,0,0
146,0,0
146,0,0
146,0,1
146,0,0
146,0,0
146,0,0
146,0,0
146,0,0
146,0,0
146,0,1
146,0,0
146,0,0
147,0,1
147,0,1
147,0,1
147,0,1
147,0,1
147,0,1
147,0,0
147,0,0
147,0,1
147,0,0
147,0,1
147,0,1
147,0,0
147,0,1
147,0,1
147,0,1
147,0,0
147,0,1
147,0,1
147,0,1
147,0,0
147,0,1
147,0,1
147,0,0
147,0,1
147,0,0
147,0,1
147,0,1
147,0,1
147,0,1
147,0,1
147,0,0
147,0,0
147,0,1
147,0,1
147,0,1
147,0,0
147,0,0
147,0,0
147,0,0
147,0,1
147,0,0
147,0,0
147,0,1
147,0,0
147,0,1
147,0,1
147,0,1
147,0,0
147,0,1
147,0,1
147,0,0
147,0,0
147,0,0
147,0,0
147,0,1
147,0,0
147,0,1
147,0,1
147,0,1
147,0,0
147,0,1
147,0,0
147,0,1
147,0,1
147,0,0
147,0,1
147,0,0
147,0,1
147,0,0
147,0,1
147,0,0
147,0,1
147,0,1
147,0,1
147,0,0
147,0,1
147,0,1
147,0,1
147,0,0
147,0,1
147,0,0
147,0,1
147,0,0
147,0,0
147,0,1
147,0,0
147,0,1
147,0,0
147,0,0
147,0,1
147,0,0
147,0,0
147,0,1
147,0,0
148,0,1
148,0,0
148,0,0
148,0,1
148,0,1
148,0,1
148,0,1
148,0,0
148,0,0
148,0,0
148,0,0
148,0,0
148,0,0
148,0,0
148,0,0
148,0,0
148,0,0
148,0,0
148,0,0
148,0,1
149,1,0
149,1,1
149,1,1
149,1,0
149,1,0
149,1,1
149,1,1
149,1,1
149,1,1
149,1,1
149,1,1
149,1,1
149,1,1
149,1,1
149,1,1
149,1,0
149,1,1
149,1,0
149,1,1
149,1,1
149,1,1
149,1,1
149,1,1
149,1,1
149,1,1
149,1,1
149,1,1
149,1,1
149,1,1
149,1,1
149,1,1
149,1,1
149,1,1
149,1,1
149,1,1
149,1,1
149,1,1
149,1,1
149,1,1
149,1,1
149,1,1
149,1,1
149,1,1
149,1,1
149,1,1
149,1,1
149,1,1
149,1,1
149,1,1
149,1,1
150,0,0
150,0,1
150,0,1
150,0,1
150,0,1
151,1,0
151,1,0
151,1,1
151,1,0
151,1,1
151,1,1
151,1,1
151,1,0
151,1,1
151,1,0
151,1,1
151,1,1
151,1,0
151,1,1
151,1,1
151,1,0
151,1,1
151,1,0
151,1,0
151,1,1
151,1,0
151,1,0
151,1,1
151,1,0
151,1,0
151,1,0
151,1,0
151,1,1
151,1,1
151,1,0
151,1,0
151,1,0
151,1,0
151,1,0
151,1,1
151,1,0
151,1,0
151,1,1
151,1,0
151,1,0
151,1,0
151,1,1
151,1,1
152,0,1
152,0,0
152,0,1
152,0,1
152,0,1
152,0,0
152,0,0
152,0,1
152,0,0
152,0,1
152,0,1
152,0,0
152,0,1
152,0,1
152,0,1
152,0,1
152,0,0
152,0,1
152,0,1
152,0,0
152,0,1
152,0,1
152,0,1
152,0,1
152,0,0
152,0,1
152,0,1
152,0,1
152,0,1
152,0,0
152,0,1
152,0,0
152,0,1
152,0,0
152,0,0
152,0,1
152,0,0
152,0,1
152,0,1
152,0,0
152,0,0
152,0,1
152,0,1
152,0,1
152,0,0
152,0,1
152,0,1
152,0,1
152,0,1
152,0,0
152,0,1
152,0,0
152,0,0
152,0,1
152,0,1
152,0,1
152,0,0
152,0,0
152,0,0
152,0,1
152,0,0
152,0,1
152,0,1
152,0,0
152,0,0
152,0,1
152,0,1
152,0,1
152,0,1
152,0,0
152,0,1
152,0,1
152,0,0
152,0,0
152,0,1
152,0,1
152,0,0
152,0,1
152,0,1
152,0,1
152,0,0
152,0,1
152,0,0
152,0,0
152,0,0
152,0,1
152,0,1
152,0,0
152,0,0
152,0,1
152,0,1
152,0,0
152,0,1
152,0,1
153,1,0
153,1,0
153,1,0
153,1,0
153,1,0
153,1,1
153,1,0
153,1,1
153,1,1
153,1,0
153,1,0
153,1,1
153,1,0
153,1,1
153,1,0
153,1,0
153,1,0
153,1,0
153,1,1
153,1,0
153,1,0
153,1,0
153,1,0
153,1,1
153,1,0
153,1,0
153,1,1
153,1,0
153,1,0
153,1,0
153,1,0
153,1,0
153,1,0
153,1,0
153,1,0
153,1,0
153,1,0
153,1,0
153,1,0
153,1,0
153,1,0
153,1,0
153,1,0
153,1,0
153,1,0
153,1,0
153,1,1
153,1,0
153,1,0
153,1,0
153,1,1
153,1,0
153,1,1
153,1,1
153,1,0
153,1,0
153,1,0
153,1,0
153,1,0
153,1,0
153,1,1
153,1,0
154,1,0
154,1,1
154,1,1
154,1,1
154,1,1
154,1,1
154,1,0
154,1,1
154,1,0
154,1,1
154,1,1
154,1,1
154,1,1
154,1,1
154,1,0
154,1,0
154,1,0
154,1,1
154,1,0
154,1,1
154,1,1
154,1,0
154,1,0
154,1,0
154,1,1
154,1,1
154,1,1
154,1,0
154,1,0
154,1,1
154,1,0
154,1,0
154,1,1
154,1,0
154,1,1
155,1,0
155,1,0
155,1,0
155,1,1
155,1,0
155,1,1
155,1,0
155,1,1
155,1,0
155,1,0
155,1,0
155,1,0
155,1,0
155,1,0
155,1,0
155,1,1
155,1,0
155,1,1
155,1,0
155,1,0
155,1,0
155,1,0
155,1,0
155,1,1
155,1,0
155,1,0
155,1,1
155,1,0
155,1,0
155,1,0
155,1,0
155,1,0
155,1,0
155,1,1
155,1,0
155,1,0
155,1,0
155,1,1
155,1,0
155,1,0
155,1,1
155,1,0
155,1,0
155,1,0
155,1,1
155,1,1
155,1,0
155,1,0
155,1,1
155,1,0
155,1,1
155,1,1
155,1,0
155,1,0
155,1,0
155,1,0
155,1,0
155,1,0
155,1,1
155,1,1
155,1,0
155,1,0
155,1,1
155,1,0
155,1,0
155,1,0
155,1,0
155,1,0
155,1,1
155,1,0
155,1,0
155,1,0
155,1,0
155,1,0
155,1,0
155,1,1
155,1,0
155,1,0
155,1,1
155,1,0
155,1,1
155,1,0
155,1,0
155,1,0
155,1,0
155,1,0
155,1,0
155,1,0
155,1,0
155,1,0
155,1,0
155,1,0
155,1,0
155,1,0
155,1,0
155,1,0
155,1,0
155,1,0
155,1,0
156,1,1
156,1,1
156,1,1
156,1,1
156,1,1
156,1,1
156,1,1
156,1,0
156,1,1
156,1,1
156,1,1
156,1,1
156,1,1
156,1,1
156,1,0
156,1,1
156,1,0
156,1,1
156,1,1
156,1,1
156,1,1
156,1,1
156,1,1
156,1,1
156,1,1
156,1,1
156,1,1
156,1,0
156,1,1
156,1,1
156,1,1
156,1,1
156,1,1
156,1,1
156,1,1
156,1,1
156,1,1
156,1,1
156,1,1
156,1,1
156,1,1
156,1,1
156,1,1
156,1,1
156,1,1
156,1,1
156,1,1
156,1,1
156,1,1
156,1,1
156,1,1
156,1,1
156,1,1
156,1,1
156,1,1
156,1,0
156,1,1
156,1,1
156,1,0
156,1,1
157,1,1
157,1,0
157,1,1
157,1,1
157,1,0
157,1,0
157,1,1
157,1,0
157,1,1
157,1,0
157,1,0
157,1,1
157,1,0
157,1,0
157,1,0
157,1,0
157,1,1
157,1,0
157,1,1
157,1,0
157,1,1
157,1,1
157,1,0
157,1,1
157,1,0
157,1,0
157,1,1
157,1,0
157,1,0
157,1,1
157,1,0
157,1,0
157,1,0
157,1,0
157,1,0
157,1,0
157,1,1
157,1,0
157,1,0
157,1,1
157,1,1
157,1,0
157,1,0
157,1,0
157,1,0
157,1,0
157,1,0
157,1,0
157,1,0
157,1,0
157,1,0
157,1,0
157,1,0
157,1,1
157,1,0
157,1,1
157,1,0
157,1,0
157,1,0
157,1,0
157,1,0
157,1,0
157,1,0
157,1,0
157,1,0
157,1,0
157,1,0
157,1,1
157,1,0
157,1,0
157,1,0
157,1,0
157,1,0
157,1,0
157,1,0
157,1,0
157,1,0
157,1,0
157,1,0
157,1,1
157,1,1
157,1,0
157,1,0
157,1,0
157,1,0
157,1,0
157,1,0
157,1,0
157,1,0
157,1,0
157,1,0
157,1,1
157,1,1
157,1,0
158,1,1
158,1,1
159,1,0
159,1,1
159,1,0
159,1,0
159,1,0
159,1,0
159,1,0
159,1,0
159,1,0
159,1,1
159,1,0
159,1,1
159,1,0
159,1,0
159,1,1
159,1,1
159,1,0
159,1,0
159,1,1
159,1,0
159,1,1
159,1,1
159,1,0
159,1,1
159,1,1
159,1,1
159,1,1
159,1,1
159,1,1
159,1,1
159,1,0
159,1,1
159,1,0
159,1,1
159,1,0
159,1,0
159,1,0
159,1,0
159,1,1
159,1,0
159,1,0
159,1,1
159,1,1
159,1,0
159,1,1
159,1,1
160,1,0
160,1,1
160,1,1
160,1,1
160,1,1
160,1,0
160,1,1
160,1,1
160,1,1
160,1,0
160,1,1
160,1,1
160,1,0
160,1,1
160,1,1
160,1,1
160,1,1
160,1,1
160,1,1
160,1,0
160,1,1
160,1,1
160,1,0
160,1,0
160,1,0
160,1,1
160,1,0
160,1,1
160,1,0
160,1,1
160,1,1
160,1,1
160,1,0
160,1,1
160,1,1
160,1,1
160,1,0
160,1,0
160,1,1
160,1,0
160,1,1
160,1,0
160,1,1
160,1,1
160,1,1
160,1,1
160,1,0
160,1,1
160,1,0
160,1,0
160,1,1
160,1,0
160,1,1
160,1,1
160,1,1
160,1,0
160,1,1
160,1,1
160,1,0
160,1,0
160,1,1
160,1,0
160,1,1
160,1,1
160,1,1
160,1,1
160,1,0
160,1,0
160,1,0
160,1,1
160,1,1
160,1,1
160,1,1
160,1,0
160,1,1
160,1,1
160,1,1
160,1,0
160,1,0
160,1,1
160,1,0
160,1,1
160,1,1
161,1,1
161,1,1
161,1,1
161,1,1
161,1,1
161,1,1
161,1,1
161,1,1
161,1,1
161,1,1
161,1,1
161,1,1
161,1,0
161,1,1
161,1,1
161,1,0
161,1,1
161,1,1
161,1,0
161,1,1
161,1,0
161,1,1
161,1,0
161,1,1
161,1,1
161,1,1
161,1,1
161,1,1
161,1,1
161,1,1
161,1,1
161,1,1
161,1,0
161,1,1
161,1,1
161,1,0
161,1,1
161,1,1
161,1,1
161,1,1
161,1,1
161,1,1
161,1,1
161,1,1
161,1,1
161,1,1
161,1,1
161,1,1
161,1,1
161,1,1
161,1,1
161,1,1
161,1,0
161,1,1
161,1,1
161,1,1
161,1,1
161,1,1
161,1,1
161,1,1
161,1,0
161,1,1
161,1,1
161,1,1
161,1,1
161,1,1
161,1,0
161,1,1
161,1,1
161,1,0
161,1,1
161,1,1
161,1,1
161,1,1
161,1,1
161,1,1
162,1,0
162,1,0
162,1,0
162,1,0
162,1,0
162,1,0
162,1,0
162,1,0
162,1,0
162,1,0
162,1,0
162,1,0
162,1,0
162,1,0
162,1,0
162,1,0
162,1,0
162,1,0
162,1,0
162,1,0
162,1,0
162,1,0
162,1,0
162,1,1
162,1,0
162,1,0
162,1,0
162,1,0
162,1,1
162,1,1
162,1,0
162,1,0
162,1,0
162,1,0
162,1,0
162,1,0
162,1,0
162,1,0
162,1,0
162,1,0
162,1,1
163,0,0
163,0,0
163,0,1
163,0,0
163,0,0
163,0,1
163,0,1
163,0,0
163,0,0
163,0,0
163,0,0
163,0,0
163,0,0
163,0,0
163,0,0
163,0,0
163,0,0
163,0,0
163,0,0
163,0,0
163,0,0
163,0,0
163,0,0
163,0,0
163,0,0
163,0,1
163,0,0
163,0,0
163,0,0
163,0,0
163,0,0
163,0,1
163,0,0
163,0,0
163,0,1
163,0,0
163,0,1
163,0,1
163,0,1
163,0,0
163,0,0
163,0,1
163,0,0
163,0,0
163,0,0
163,0,0
163,0,0
163,0,0
163,0,1
163,0,0
164,1,0
164,1,0
164,1,1
164,1,0
164,1,0
164,1,0
164,1,0
164,1,0
164,1,0
164,1,0
164,1,0
164,1,0
164,1,0
164,1,0
164,1,0
164,1,0
164,1,0
164,1,0
164,1,0
164,1,0
164,1,0
164,1,0
164,1,1
164,1,0
164,1,0
164,1,1
164,1,0
164,1,0
164,1,0
164,1,0
164,1,0
164,1,0
164,1,0
164,1,0
164,1,0
164,1,0
164,1,0
164,1,0
164,1,0
164,1,0
164,1,0
164,1,0
165,0,0
165,0,0
165,0,0
165,0,0
165,0,0
165,0,0
165,0,0
165,0,0
165,0,0
165,0,0
165,0,0
165,0,0
165,0,0
165,0,0
165,0,0
165,0,0
165,0,0
165,0,0
165,0,0
165,0,0
165,0,0
165,0,0
165,0,0
165,0,0
165,0,0
165,0,0
165,0,0
165,0,0
165,0,0
165,0,0
165,0,0
165,0,0
165,0,0
165,0,0
165,0,0
165,0,0
165,0,0
165,0,1
165,0,0
165,0,0
165,0,0
165,0,0
165,0,0
165,0,0
165,0,0
165,0,0
165,0,0
165,0,0
165,0,0
165,0,0
165,0,0
165,0,0
165,0,0
166,0,1
166,0,1
166,0,1
166,0,1
166,0,1
166,0,0
166,0,1
166,0,1
166,0,0
166,0,1
166,0,0
166,0,1
166,0,1
166,0,1
166,0,0
166,0,1
166,0,1
166,0,0
166,0,0
166,0,1
166,0,1
166,0,0
166,0,1
167,1,1
167,1,0
167,1,0
167,1,0
167,1,0
167,1,0
167,1,0
167,1,0
167,1,0
167,1,0
167,1,1
167,1,0
167,1,0
167,1,0
167,1,0
167,1,0
167,1,0
167,1,1
167,1,0
167,1,1
167,1,0
167,1,0
167,1,1
167,1,1
167,1,0
167,1,1
167,1,0
167,1,0
167,1,0
167,1,0
167,1,0
167,1,0
167,1,0
167,1,0
167,1,0
167,1,1
167,1,1
167,1,1
167,1,0
167,1,0
167,1,0
167,1,0
167,1,1
167,1,0
167,1,0
167,1,1
167,1,0
167,1,0
167,1,0
167,1,0
167,1,0
167,1,0
167,1,0
167,1,0
167,1,1
167,1,1
167,1,0
167,1,0
167,1,0
167,1,0
167,1,0
167,1,0
167,1,0
167,1,0
167,1,1
167,1,1
167,1,0
167,1,0
167,1,1
167,1,1
167,1,0
167,1,0
167,1,0
167,1,0
167,1,0
167,1,0
167,1,0
167,1,0
168,0,1
168,0,1
168,0,1
168,0,1
168,0,1
168,0,1
168,0,1
168,0,1
169,1,0
169,1,0
169,1,0
169,1,0
169,1,1
169,1,0
169,1,0
169,1,0
169,1,0
169,1,0
169,1,0
169,1,0
169,1,0
169,1,0
169,1,0
169,1,0
169,1,0
169,1,0
169,1,0
169,1,0
169,1,0
169,1,0
169,1,0
169,1,0
169,1,0
169,1,0
169,1,0
169,1,0
169,1,0
169,1,0
169,1,0
169,1,0
169,1,0
169,1,0
169,1,0
169,1,0
169,1,1
169,1,0
169,1,0
169,1,0
169,1,0
169,1,0
170,1,1
170,1,1
170,1,0
170,1,1
170,1,0
170,1,0
170,1,0
170,1,0
170,1,0
170,1,0
170,1,0
170,1,1
170,1,0
170,1,1
170,1,0
170,1,0
170,1,1
170,1,0
170,1,1
170,1,0
170,1,1
170,1,0
170,1,0
170,1,0
170,1,0
170,1,1
170,1,1
170,1,0
171,0,0
171,0,1
171,0,1
171,0,0
171,0,1
171,0,0
171,0,1
171,0,1
171,0,0
171,0,0
171,0,0
171,0,0
171,0,1
171,0,1
171,0,1
171,0,0
171,0,1
171,0,0
171,0,1
171,0,0
171,0,0
171,0,1
171,0,0
171,0,0
171,0,0
171,0,1
171,0,0
171,0,1
171,0,0
171,0,0
171,0,1
171,0,0
171,0,0
171,0,1
171,0,1
171,0,0
171,0,0
171,0,0
171,0,0
171,0,0
171,0,1
171,0,1
171,0,1
171,0,1
171,0,0
171,0,1
171,0,0
171,0,0
171,0,0
171,0,0
171,0,0
171,0,0
171,0,0
171,0,0
171,0,0
171,0,0
171,0,0
171,0,0
171,0,1
171,0,1
171,0,1
171,0,1
171,0,1
171,0,1
171,0,0
171,0,0
171,0,1
171,0,1
171,0,1
171,0,0
171,0,1
171,0,0
171,0,0
172,1,0
172,1,0
172,1,0
172,1,0
172,1,0
172,1,0
172,1,0
172,1,0
172,1,0
172,1,0
172,1,0
172,1,1
172,1,0
172,1,0
172,1,0
172,1,0
172,1,0
172,1,0
172,1,0
172,1,0
172,1,0
172,1,0
172,1,0
172,1,0
172,1,0
172,1,0
172,1,0
172,1,0
172,1,1
172,1,0
172,1,1
172,1,1
172,1,0
172,1,0
172,1,0
172,1,0
172,1,0
172,1,1
172,1,0
172,1,0
172,1,0
172,1,0
172,1,0
172,1,0
172,1,0
172,1,0
172,1,0
172,1,0
172,1,1
172,1,0
172,1,0
172,1,0
172,1,0
172,1,0
172,1,0
172,1,0
172,1,1
172,1,1
172,1,0
172,1,0
172,1,0
172,1,0
172,1,0
172,1,0
172,1,0
172,1,0
172,1,0
172,1,0
172,1,0
172,1,0
172,1,0
172,1,1
172,1,0
172,1,0
172,1,0
173,0,0
173,0,0
173,0,1
173,0,1
173,0,1
173,0,1
173,0,0
173,0,1
173,0,1
173,0,1
173,0,1
173,0,1
173,0,0
173,0,1
173,0,1
173,0,1
173,0,1
173,0,1
173,0,0
173,0,1
173,0,0
173,0,0
173,0,1
173,0,1
173,0,0
173,0,1
173,0,1
173,0,1
173,0,1
173,0,1
173,0,1
173,0,0
173,0,1
173,0,1
173,0,0
173,0,1
173,0,1
173,0,1
173,0,1
173,0,0
173,0,1
173,0,1
173,0,1
173,0,1
173,0,1
173,0,1
173,0,1
173,0,1
173,0,1
173,0,0
173,0,1
173,0,1
173,0,1
173,0,0
173,0,1
173,0,0
173,0,1
173,0,1
173,0,1
173,0,1
173,0,1
173,0,1
173,0,1
173,0,1
173,0,0
173,0,1
173,0,1
173,0,0
173,0,0
173,0,1
173,0,0
174,1,0
174,1,0
174,1,0
174,1,1
174,1,1
174,1,1
174,1,0
174,1,0
174,1,0
174,1,0
174,1,0
174,1,0
174,1,0
174,1,0
174,1,1
174,1,1
174,1,0
174,1,0
174,1,1
174,1,0
174,1,1
174,1,0
174,1,0
174,1,0
174,1,0
174,1,1
174,1,0
174,1,0
174,1,1
174,1,0
174,1,0
174,1,0
174,1,1
174,1,0
174,1,0
174,1,1
174,1,0
174,1,0
174,1,0
174,1,1
174,1,0
174,1,0
174,1,1
174,1,0
174,1,0
174,1,0
174,1,0
174,1,0
174,1,0
174,1,0
174,1,1
174,1,1
174,1,0
174,1,0
174,1,0
174,1,0
174,1,0
174,1,0
174,1,0
174,1,0
174,1,1
174,1,0
174,1,0
174,1,0
174,1,0
174,1,1
174,1,0
174,1,1
174,1,0
174,1,0
174,1,0
174,1,1
174,1,1
174,1,0
174,1,1
174,1,0
174,1,0
174,1,0
174,1,0
174,1,0
174,1,0
174,1,1
174,1,0
174,1,0
174,1,1
174,1,0
174,1,0
174,1,1
174,1,0
174,1,0
174,1,0
174,1,0
175,1,0
175,1,0
175,1,0
175,1,0
175,1,1
175,1,0
175,1,0
175,1,1
175,1,1
175,1,0
175,1,0
175,1,0
175,1,0
175,1,0
175,1,0
175,1,0
175,1,0
175,1,0
175,1,0
175,1,0
175,1,1
175,1,0
175,1,1
175,1,0
175,1,1
175,1,0
175,1,0
175,1,0
175,1,0
175,1,0
175,1,1
175,1,0
175,1,0
175,1,0
175,1,0
175,1,1
175,1,1
175,1,1
175,1,0
175,1,0
175,1,0
175,1,1
175,1,0
175,1,1
175,1,0
175,1,0
175,1,1
175,1,0
175,1,1
175,1,0
175,1,0
175,1,0
175,1,0
175,1,1
175,1,0
175,1,0
175,1,0
175,1,1
175,1,0
175,1,1
175,1,0
175,1,1
175,1,0
175,1,0
175,1,0
175,1,0
175,1,0
175,1,0
175,1,0
175,1,0
175,1,0
175,1,0
175,1,1
175,1,0
175,1,0
175,1,0
175,1,0
175,1,0
175,1,0
175,1,0
175,1,0
175,1,0
175,1,0
175,1,1
175,1,1
175,1,0
175,1,0
175,1,0
175,1,0
175,1,0
175,1,1
175,1,0
175,1,0
176,1,1
176,1,1
176,1,1
176,1,1
176,1,1
176,1,1
176,1,1
176,1,1
176,1,1
176,1,1
176,1,1
176,1,1
176,1,1
176,1,1
176,1,1
176,1,1
176,1,1
176,1,1
176,1,1
177,1,0
177,1,1
177,1,0
177,1,1
177,1,1
177,1,1
177,1,1
177,1,1
177,1,0
177,1,1
177,1,0
177,1,0
178,1,0
178,1,1
178,1,1
178,1,0
178,1,1
178,1,0
178,1,0
178,1,0
178,1,0
178,1,1
178,1,0
178,1,1
178,1,0
178,1,0
179,1,1
179,1,0
179,1,0
179,1,1
179,1,1
179,1,1
179,1,1
179,1,0
179,1,0
179,1,1
179,1,1
179,1,0
179,1,1
179,1,1
179,1,1
179,1,0
179,1,1
179,1,1
179,1,1
179,1,0
179,1,0
179,1,1
179,1,1
179,1,0
179,1,1
179,1,0
179,1,1
179,1,1
179,1,0
179,1,0
179,1,0
179,1,0
179,1,0
179,1,0
179,1,1
179,1,1
179,1,0
179,1,0
179,1,1
179,1,0
179,1,0
179,1,0
179,1,1
179,1,1
179,1,1
179,1,0
179,1,0
179,1,1
179,1,1
179,1,1
179,1,1
179,1,1
179,1,0
179,1,1
179,1,1
179,1,1
179,1,0
179,1,1
179,1,1
179,1,1
179,1,1
179,1,1
179,1,0
179,1,0
179,1,1
179,1,1
179,1,0
179,1,0
179,1,0
179,1,1
179,1,1
179,1,0
179,1,1
180,1,1
180,1,1
180,1,1
180,1,1
180,1,0
180,1,0
180,1,0
180,1,1
180,1,1
180,1,0
180,1,1
180,1,0
180,1,1
180,1,1
180,1,1
180,1,1
180,1,1
180,1,0
180,1,0
180,1,0
180,1,1
180,1,1
180,1,0
180,1,1
180,1,1
180,1,0
180,1,1
180,1,0
180,1,1
180,1,1
180,1,0
180,1,0
180,1,0
180,1,1
180,1,1
180,1,1
180,1,1
180,1,1
180,1,0
180,1,0
180,1,1
180,1,0
180,1,1
180,1,0
180,1,1
180,1,0
180,1,0
180,1,1
180,1,1
180,1,1
180,1,0
180,1,1
180,1,1
180,1,1
180,1,1
180,1,0
180,1,0
180,1,1
180,1,0
180,1,0
180,1,1
180,1,0
180,1,0
180,1,1
180,1,1
180,1,0
180,1,1
180,1,0
180,1,1
180,1,0
180,1,1
180,1,1
180,1,1
180,1,1
180,1,1
180,1,0
180,1,1
180,1,1
180,1,1
180,1,1
180,1,1
180,1,1
180,1,0
180,1,1
180,1,1
180,1,0
180,1,1
180,1,1
180,1,1
180,1,0
180,1,0
180,1,1
180,1,1
180,1,1
180,1,1
180,1,0
180,1,0
181,0,0
181,0,0
181,0,0
181,0,1
181,0,0
181,0,0
181,0,0
181,0,0
181,0,0
181,0,0
181,0,0
181,0,0
181,0,0
181,0,0
181,0,0
181,0,1
181,0,0
181,0,0
181,0,0
181,0,0
181,0,0
181,0,0
181,0,0
181,0,1
181,0,0
181,0,1
181,0,0
181,0,0
181,0,0
181,0,0
181,0,0
181,0,0
181,0,1
181,0,0
181,0,0
181,0,0
181,0,1
181,0,0
181,0,0
181,0,0
181,0,1
181,0,1
181,0,0
181,0,0
181,0,0
181,0,0
181,0,0
181,0,1
181,0,0
181,0,1
181,0,0
181,0,1
181,0,0
181,0,0
181,0,0
181,0,0
181,0,0
181,0,0
181,0,0
181,0,1
181,0,1
181,0,0
181,0,0
181,0,0
181,0,0
181,0,0
181,0,0
181,0,0
181,0,0
181,0,0
181,0,0
181,0,0
181,0,0
181,0,0
181,0,0
181,0,0
181,0,1
181,0,0
181,0,0
181,0,0
181,0,1
181,0,1
181,0,0
181,0,0
181,0,0
181,0,0
181,0,0
181,0,1
181,0,0
181,0,0
181,0,0
181,0,0
182,1,0
182,1,0
182,1,0
182,1,0
182,1,0
182,1,0
182,1,0
182,1,0
182,1,0
182,1,1
182,1,0
182,1,0
182,1,0
182,1,0
182,1,0
182,1,0
182,1,0
182,1,1
182,1,0
182,1,1
182,1,0
182,1,0
182,1,0
182,1,0
182,1,0
182,1,1
182,1,0
182,1,0
182,1,0
182,1,0
182,1,0
182,1,0
182,1,0
182,1,0
182,1,0
182,1,0
182,1,0
182,1,0
182,1,0
182,1,0
182,1,0
182,1,0
182,1,0
182,1,0
182,1,0
182,1,0
182,1,0
182,1,0
182,1,0
182,1,0
182,1,0
182,1,0
182,1,0
182,1,0
182,1,0
182,1,0
182,1,0
182,1,0
182,1,0
182,1,0
182,1,0
182,1,0
182,1,0
182,1,0
182,1,0
182,1,0
182,1,0
183,1,1
183,1,1
183,1,0
183,1,0
183,1,1
183,1,0
183,1,1
183,1,1
183,1,0
183,1,1
183,1,1
183,1,1
183,1,1
183,1,0
183,1,1
183,1,1
183,1,1
183,1,1
183,1,1
183,1,1
183,1,1
183,1,0
183,1,1
183,1,0
183,1,1
183,1,1
183,1,1
183,1,1
183,1,0
183,1,1
183,1,1
183,1,1
183,1,0
183,1,0
183,1,1
183,1,0
183,1,0
183,1,0
183,1,1
183,1,0
183,1,1
183,1,1
183,1,1
183,1,1
183,1,1
183,1,1
183,1,0
183,1,1
183,1,0
183,1,0
183,1,0
183,1,1
183,1,1
183,1,0
183,1,1
183,1,1
183,1,1
183,1,0
183,1,0
183,1,0
183,1,0
183,1,0
183,1,1
183,1,1
183,1,1
183,1,0
183,1,1
183,1,0
183,1,1
183,1,0
183,1,0
183,1,1
183,1,1
183,1,0
183,1,0
183,1,1
183,1,0
183,1,0
183,1,0
183,1,0
183,1,1
183,1,0
183,1,1
183,1,1
183,1,0
183,1,1
183,1,1
183,1,1
183,1,1
183,1,1
183,1,1
183,1,1
183,1,1
183,1,1
183,1,1
183,1,1
184,1,1
184,1,0
184,1,1
184,1,0
184,1,1
184,1,1
184,1,1
184,1,1
184,1,1
184,1,0
184,1,1
184,1,0
184,1,1
184,1,0
184,1,1
184,1,1
184,1,1
184,1,0
184,1,1
184,1,1
184,1,1
184,1,1
184,1,1
184,1,1
184,1,1
184,1,0
184,1,1
184,1,0
184,1,1
184,1,1
184,1,1
184,1,1
184,1,1
184,1,0
184,1,1
184,1,0
184,1,1
184,1,0
184,1,1
184,1,1
184,1,1
184,1,1
184,1,1
184,1,0
184,1,1
184,1,0
184,1,0
184,1,1
184,1,1
184,1,1
184,1,1
184,1,1
184,1,1
184,1,0
184,1,1
184,1,0
184,1,1
184,1,1
184,1,1
184,1,0
184,1,0
184,1,1
184,1,0
184,1,1
184,1,1
184,1,1
184,1,1
184,1,1
184,1,0
184,1,1
184,1,1
184,1,1
184,1,1
184,1,1
184,1,0
184,1,0
184,1,0
184,1,1
184,1,0
184,1,0
184,1,1
184,1,0
184,1,1
184,1,1
184,1,0
184,1,1
184,1,1
185,1,0
185,1,1
186,0,0
186,0,0
186,0,0
186,0,0
186,0,1
186,0,0
186,0,1
186,0,0
186,0,0
186,0,0
186,0,0
186,0,0
187,0,0
187,0,1
187,0,0
187,0,1
187,0,1
187,0,0
187,0,0
187,0,1
187,0,1
187,0,0
187,0,0
187,0,1
187,0,1
187,0,0
187,0,1
187,0,1
187,0,1
187,0,1
187,0,0
187,0,0
187,0,0
187,0,1
187,0,0
187,0,0
187,0,1
187,0,1
187,0,1
187,0,0
187,0,1
187,0,1
187,0,0
187,0,0
187,0,0
187,0,1
187,0,1
187,0,0
187,0,1
187,0,1
187,0,0
187,0,0
187,0,0
187,0,1
187,0,1
187,0,1
187,0,0
187,0,0
187,0,0
187,0,1
187,0,1
187,0,0
187,0,1
187,0,1
187,0,0
187,0,1
187,0,1
187,0,1
187,0,1
187,0,1
187,0,0
187,0,1
187,0,1
187,0,1
187,0,0
187,0,0
187,0,0
187,0,1
187,0,0
187,0,0
187,0,0
187,0,0
187,0,0
187,0,1
187,0,1
187,0,0
187,0,1
187,0,0
187,0,0
187,0,1
187,0,1
187,0,1
187,0,0
187,0,0
187,0,1
187,0,0
187,0,1
187,0,0
188,1,0
188,1,0
188,1,0
188,1,0
188,1,0
188,1,0
188,1,1
188,1,0
188,1,0
189,1,0
189,1,0
189,1,0
189,1,0
189,1,1
189,1,0
189,1,1
189,1,0
189,1,0
189,1,0
189,1,0
189,1,0
189,1,0
189,1,0
189,1,0
189,1,0
189,1,1
189,1,0
189,1,1
189,1,0
189,1,1
189,1,0
189,1,0
189,1,0
189,1,0
189,1,0
189,1,0
189,1,0
189,1,0
189,1,1
189,1,1
189,1,0
189,1,0
189,1,0
189,1,0
189,1,1
189,1,0
189,1,1
189,1,1
189,1,1
189,1,1
189,1,0
189,1,0
189,1,0
189,1,0
189,1,0
189,1,1
189,1,1
189,1,1
189,1,0
189,1,1
189,1,0
189,1,0
189,1,0
189,1,0
189,1,0
189,1,0
189,1,0
189,1,1
189,1,1
189,1,0
189,1,0
189,1,0
189,1,1
189,1,1
189,1,1
189,1,0
189,1,0
189,1,0
189,1,0
189,1,0
189,1,1
189,1,0
189,1,0
189,1,0
189,1,0
189,1,0
189,1,0
189,1,1
189,1,1
189,1,0
189,1,0
189,1,0
189,1,0
189,1,1
189,1,1
189,1,0
189,1,0
189,1,1
189,1,0
189,1,0
189,1,0
189,1,0
189,1,1
189,1,1
189,1,0
189,1,1
189,1,0
190,0,1
190,0,1
190,0,1
190,0,1
190,0,1
190,0,1
190,0,1
190,0,1
190,0,1
190,0,1
190,0,1
190,0,1
190,0,1
190,0,1
190,0,1
190,0,1
190,0,1
190,0,1
190,0,1
190,0,1
190,0,1
190,0,1
190,0,1
190,0,1
190,0,1
190,0,1
190,0,1
190,0,1
190,0,1
190,0,0
190,0,1
190,0,1
190,0,1
190,0,0
190,0,1
190,0,1
190,0,1
190,0,1
190,0,0
190,0,1
190,0,1
190,0,1
190,0,1
190,0,1
190,0,1
190,0,1
190,0,1
190,0,1
190,0,0
190,0,1
190,0,1
190,0,1
190,0,1
190,0,1
190,0,0
190,0,1
190,0,1
190,0,1
190,0,1
190,0,1
190,0,1
190,0,1
190,0,1
190,0,0
190,0,1
190,0,1
190,0,1
190,0,1
190,0,1
190,0,1
190,0,1
190,0,1
190,0,1
190,0,0
190,0,1
190,0,1
190,0,1
190,0,0
190,0,1
190,0,1
190,0,1
190,0,0
191,1,1
191,1,1
191,1,0
191,1,0
191,1,0
191,1,0
191,1,1
191,1,0
191,1,0
191,1,1
191,1,0
191,1,0
191,1,1
191,1,1
191,1,0
191,1,0
191,1,1
191,1,1
191,1,0
191,1,1
191,1,0
191,1,1
191,1,1
191,1,1
191,1,0
191,1,0
191,1,1
191,1,0
191,1,0
191,1,0
191,1,0
191,1,1
191,1,0
191,1,0
191,1,1
191,1,1
191,1,1
191,1,0
191,1,1
191,1,0
191,1,0
191,1,0
191,1,0
191,1,1
191,1,1
191,1,1
191,1,0
191,1,0
191,1,0
191,1,1
191,1,0
191,1,1
191,1,1
191,1,0
191,1,0
191,1,1
191,1,1
191,1,0
191,1,1
191,1,1
191,1,0
191,1,0
191,1,1
191,1,0
191,1,0
191,1,0
191,1,0
191,1,1
191,1,1
191,1,0
191,1,1
191,1,1
191,1,0
191,1,1
191,1,1
191,1,0
191,1,0
191,1,0
191,1,1
191,1,1
191,1,0
191,1,1
191,1,0
191,1,1
191,1,0
191,1,1
191,1,1
191,1,0
191,1,0
191,1,1
191,1,1
191,1,0
191,1,1
191,1,0
191,1,0
192,0,0
192,0,0
192,0,1
192,0,1
192,0,1
192,0,1
192,0,0
192,0,1
192,0,1
192,0,1
192,0,0
192,0,1
192,0,1
192,0,1
192,0,1
192,0,1
192,0,1
192,0,1
192,0,1
192,0,1
192,0,1
192,0,1
192,0,1
192,0,1
192,0,1
192,0,0
192,0,0
192,0,1
192,0,0
192,0,1
192,0,1
192,0,1
192,0,0
192,0,1
192,0,1
192,0,0
193,0,1
193,0,1
193,0,0
193,0,1
193,0,0
193,0,1
193,0,1
193,0,1
193,0,1
193,0,1
193,0,0
193,0,1
193,0,1
193,0,1
193,0,1
194,1,1
194,1,0
194,1,1
194,1,1
194,1,0
194,1,1
194,1,1
194,1,1
194,1,1
194,1,1
194,1,1
194,1,1
194,1,1
194,1,1
194,1,1
194,1,1
194,1,1
194,1,1
194,1,1
194,1,0
194,1,0
194,1,1
194,1,0
194,1,1
194,1,1
194,1,1
194,1,1
194,1,1
194,1,1
194,1,1
194,1,1
194,1,1
194,1,1
194,1,1
194,1,0
194,1,1
194,1,1
194,1,1
194,1,1
194,1,1
194,1,1
194,1,1
194,1,0
194,1,1
194,1,0
194,1,1
194,1,1
194,1,1
194,1,1
194,1,1
194,1,1
194,1,1
195,1,0
195,1,0
195,1,1
195,1,0
195,1,1
195,1,1
195,1,0
195,1,0
195,1,0
195,1,0
195,1,1
195,1,1
195,1,0
195,1,0
195,1,0
195,1,1
195,1,0
195,1,0
195,1,0
195,1,0
195,1,1
195,1,0
195,1,1
195,1,0
195,1,1
195,1,1
195,1,1
195,1,0
195,1,1
195,1,1
195,1,1
195,1,1
195,1,1
195,1,0
195,1,1
195,1,1
195,1,0
195,1,1
195,1,1
195,1,1
195,1,0
195,1,0
195,1,1
195,1,0
195,1,1
195,1,1
195,1,0
195,1,0
195,1,0
195,1,1
195,1,1
195,1,0
195,1,0
195,1,1
195,1,1
195,1,0
195,1,1
195,1,0
195,1,1
195,1,1
195,1,0
195,1,0
195,1,0
195,1,0
195,1,0
195,1,1
195,1,0
195,1,0
195,1,1
195,1,1
195,1,1
195,1,0
195,1,1
195,1,1
195,1,0
195,1,1
195,1,1
195,1,0
195,1,0
195,1,0
195,1,1
195,1,1
195,1,1
195,1,0
195,1,0
195,1,1
195,1,1
195,1,1
195,1,0
195,1,0
195,1,1
195,1,1
195,1,0
195,1,1
195,1,1
195,1,0
195,1,1
196,1,1
196,1,1
196,1,0
196,1,0
196,1,1
196,1,1
196,1,1
196,1,1
196,1,1
196,1,1
196,1,1
196,1,1
196,1,0
196,1,1
196,1,0
196,1,1
196,1,1
196,1,0
196,1,1
196,1,0
196,1,1
196,1,1
196,1,1
196,1,1
196,1,1
196,1,0
196,1,1
196,1,1
196,1,0
196,1,1
196,1,0
196,1,1
196,1,1
196,1,1
196,1,1
196,1,1
196,1,1
197,1,1
197,1,0
197,1,0
197,1,0
197,1,1
197,1,1
197,1,0
197,1,0
197,1,0
197,1,1
197,1,0
197,1,0
197,1,0
197,1,1
197,1,1
197,1,0
197,1,0
197,1,0
197,1,0
197,1,0
197,1,0
197,1,0
197,1,1
197,1,0
197,1,0
197,1,0
197,1,0
197,1,0
197,1,0
197,1,1
197,1,0
197,1,1
197,1,0
197,1,0
197,1,1
197,1,0
197,1,0
197,1,0
197,1,0
197,1,1
197,1,0
197,1,0
197,1,0
197,1,0
197,1,1
197,1,0
197,1,0
197,1,0
197,1,0
197,1,1
197,1,1
197,1,1
197,1,0
197,1,0
197,1,0
197,1,0
197,1,0
197,1,0
197,1,0
197,1,0
197,1,0
197,1,0
197,1,0
197,1,1
197,1,0
197,1,0
197,1,0
197,1,1
197,1,0
197,1,0
197,1,1
197,1,0
197,1,0
197,1,0
197,1,1
197,1,0
197,1,0
197,1,1
197,1,0
197,1,1
197,1,0
197,1,0
197,1,0
197,1,0
197,1,0
197,1,0
197,1,1
197,1,0
197,1,0
198,1,1
198,1,1
198,1,1
198,1,0
198,1,1
198,1,1
198,1,1
198,1,1
198,1,1
198,1,1
198,1,0
198,1,1
198,1,0
198,1,1
198,1,0
198,1,1
198,1,1
198,1,1
198,1,1
198,1,0
198,1,1
198,1,1
198,1,0
198,1,1
198,1,1
198,1,1
198,1,1
198,1,1
198,1,1
198,1,0
198,1,1
198,1,1
198,1,1
198,1,0
198,1,1
198,1,1
198,1,1
198,1,0
199,1,0
199,1,0
199,1,0
199,1,0
199,1,1
199,1,0
199,1,1
199,1,0
199,1,0
199,1,0
199,1,1
199,1,1
199,1,0
199,1,0
199,1,0
199,1,1
199,1,1
199,1,0
199,1,1
199,1,0
199,1,0
199,1,0
199,1,0
199,1,0
199,1,0
199,1,0
199,1,0
199,1,0
199,1,0
199,1,0
199,1,0
199,1,0
199,1,0
199,1,0
199,1,0
199,1,0
199,1,1
199,1,0
199,1,1
199,1,0
199,1,1
199,1,1
199,1,0
199,1,0
199,1,0
199,1,1
199,1,0
199,1,0
199,1,0
199,1,0
199,1,0
199,1,0
199,1,1
199,1,0
199,1,0
199,1,0
199,1,0
199,1,0
199,1,0
199,1,1
199,1,0
199,1,0
199,1,0
199,1,0
199,1,0
199,1,0
199,1,0
199,1,1
199,1,0
199,1,1
199,1,0
199,1,0
199,1,1
199,1,1
199,1,0
199,1,0
199,1,1
199,1,0
199,1,0
199,1,1
199,1,0
199,1,1
