imp_id,is_treatment,is_click
0,1,0
1,1,0
2,1,1
3,0,1
4,0,1
5,0,0
6,0,1
7,0,1
8,0,1
9,1,0
10,1,1
11,1,1
12,1,1
13,1,0
14,1,1
15,1,1
16,1,1
17,1,0
18,1,0
19,1,0
20,0,1
21,1,1
22,1,1
23,0,0
24,0,0
25,1,0
26,1,1
27,0,0
28,1,0
29,1,0
30,1,1
31,0,1
32,0,0
33,1,0
34,0,1
35,1,0
36,0,1
37,0,0
38,0,0
39,0,1
40,0,0
41,0,0
42,0,0
43,0,0
44,0,0
45,1,1
46,1,0
47,1,1
48,0,0
49,1,0
50,1,0
51,0,1
52,0,0
53,1,1
54,1,1
55,1,1
56,0,1
57,1,1
58,1,0
59,1,1
60,1,0
61,1,1
62,1,0
63,0,1
64,1,1
65,0,1
66,1,1
67,1,0
68,1,0
69,1,0
70,0,1
71,0,0
72,0,0
73,0,1
74,1,1
75,1,1
76,0,0
77,1,0
78,1,1
79,0,1
80,1,0
81,1,1
82,0,0
83,0,1
84,1,0
85,1,0
86,1,1
87,0,0
88,1,0
89,0,1
90,0,1
91,1,0
92,0,0
93,0,1
94,1,1
95,1,0
96,0,0
97,0,0
98,0,0
99,1,1
100,0,1
101,1,1
102,0,1
103,0,1
104,1,1
105,1,0
106,0,0
107,0,1
108,1,1
109,0,0
110,1,1
111,0,0
112,1,1
113,0,1
114,1,0
115,1,0
116,1,0
117,0,0
118,1,1
119,0,1
120,1,1
121,0,1
122,1,1
123,0,1
124,1,1
125,0,0
126,1,0
127,1,1
128,1,0
129,0,0
130,1,1
131,1,0
132,1,1
133,0,1
134,1,1
135,1,0
136,0,0
137,0,1
138,1,1
139,0,0
140,1,0
141,1,0
142,1,1
143,1,0
144,0,0
145,0,1
146,0,0
147,1,1
148,0,0
149,0,0
150,0,1
151,0,1
152,1,0
153,1,1
154,0,1
155,1,0
156,1,0
157,1,0
158,0,0
159,0,1
160,1,0
161,1,0
162,0,0
163,0,1
164,0,1
165,1,1
166,0,0
167,1,1
168,0,0
169,0,1
170,0,1
171,1,1
172,1,0
173,1,1
174,1,0
175,1,0
176,0,1
177,0,0
178,0,0
179,1,0
180,1,0
181,1,1
182,1,1
183,1,0
184,1,0
185,0,1
186,0,1
187,1,0
188,0,0
189,1,0
190,1,1
191,1,1
192,0,0
193,0,1
194,1,1
195,1,0
196,0,0
197,1,1
198,0,0
199,1,0
200,0,0
201,0,0
202,0,0
203,0,0
204,1,0
205,1,0
206,0,1
207,1,0
208,1,0
209,0,1
210,0,0
211,1,0
212,1,1
213,0,0
214,0,1
215,1,1
216,1,1
217,0,0
218,1,0
219,1,0
220,0,1
221,1,0
222,1,0
223,0,1
224,1,0
225,1,0
226,0,1
227,0,1
228,0,1
229,1,0
230,0,0
231,1,1
232,1,1
233,1,1
234,0,1
235,0,1
236,0,0
237,1,1
238,1,0
239,0,0
240,1,1
241,0,1
242,0,1
243,0,1
244,1,1
245,1,0
246,0,1
247,1,1
248,1,1
249,0,1
250,0,0
251,0,1
252,0,1
253,1,1
254,0,1
255,0,0
256,0,0
257,0,0
258,1,1
259,0,0
260,1,1
261,1,0
262,1,0
263,1,0
264,1,0
265,1,1
266,0,1
267,1,0
268,0,1
269,0,1
270,0,1
271,0,1
272,0,1
273,1,0
274,1,0
275,1,1
276,1,1
277,1,1
278,1,1
279,0,0
280,0,1
281,1,1
282,0,1
283,1,1
284,0,0
285,1,1
286,1,1
287,0,0
288,1,1
289,0,0
290,0,0
291,1,0
292,1,1
293,0,0
294,1,1
295,1,0
296,1,1
297,0,1
298,1,1
299,1,1
300,0,0
301,0,1
302,0,1
303,0,0
304,0,0
305,0,1
306,0,1
307,1,1
308,1,0
309,0,1
310,1,0
311,1,0
312,1,0
313,1,1
314,1,1
315,0,1
316,0,0
317,1,1
318,0,1
319,0,0
320,0,0
321,0,0
322,0,0
323,0,1
324,0,1
325,0,0
326,0,0
327,1,0
328,1,0
329,1,0
330,0,1
331,0,1
332,1,0
333,0,0
334,1,1
335,1,1
336,1,0
337,1,1
338,0,1
339,1,1
340,1,1
341,0,0
342,1,1
343,1,1
344,1,1
345,0,1
346,0,1
347,0,0
348,0,1
349,1,1
350,0,0
351,1,0
352,0,0
353,1,0
354,1,0
355,1,0
356,1,1
357,1,1
358,1,1
359,1,1
360,1,1
361,1,1
362,1,1
363,0,0
364,1,0
365,0,0
366,0,0
367,1,1
368,0,1
369,1,1
370,1,0
371,0,1
372,1,0
373,0,1
374,1,0
375,1,1
376,1,1
377,1,1
378,1,0
379,1,0
380,1,1
381,0,0
382,1,0
383,1,0
384,1,0
385,1,0
386,0,1
387,0,0
388,1,1
389,1,1
390,0,1
391,1,0
392,0,1
393,0,0
394,1,0
395,1,0
396,1,0
397,1,0
398,1,0
399,1,1
400,1,1
401,0,0
402,1,1
403,0,1
404,0,1
405,1,0
406,1,1
407,0,1
408,1,1
409,1,0
410,1,0
411,1,0
412,1,1
413,1,0
414,0,0
415,0,1
416,1,1
417,0,0
418,1,0
419,1,1
420,0,0
421,0,0
422,1,0
423,0,1
424,1,1
425,0,0
426,1,0
427,1,1
428,0,1
429,0,0
430,0,1
431,0,0
432,1,0
433,1,1
434,0,0
435,0,1
436,1,1
437,1,0
438,0,1
439,1,0
440,1,1
441,1,1
442,0,0
443,0,1
444,1,0
445,0,1
446,0,0
447,0,1
448,0,1
449,1,1
450,1,1
451,1,0
452,1,0
453,0,1
454,0,0
455,0,0
456,0,0
457,1,0
458,0,1
459,0,0
460,0,1
461,1,1
462,0,0
463,0,0
464,1,1
465,1,0
466,1,1
467,1,0
468,0,0
469,0,1
470,0,0
471,1,0
472,0,1
473,0,1
474,1,1
475,1,0
476,1,0
477,0,1
478,1,1
479,1,1
480,1,0
481,0,0
482,0,0
483,1,1
484,0,1
485,1,1
486,1,0
487,0,1
488,1,1
489,1,0
490,0,0
491,1,1
492,1,0
493,1,1
494,0,0
495,1,1
496,1,1
497,0,1
498,1,0
499,1,0
500,0,1
501,0,0
502,1,1
503,0,0
504,1,1
505,1,1
506,0,1
507,1,1
508,0,0
509,0,1
510,0,0
511,0,0
512,0,0
513,1,1
514,1,1
515,0,0
516,1,1
517,1,1
518,0,1
519,1,1
520,1,0
521,1,0
522,1,1
523,0,1
524,1,0
525,1,1
526,1,1
527,0,0
528,0,1
529,0,0
530,1,0
531,0,0
532,0,0
533,1,0
534,1,1
535,0,1
536,1,1
537,0,1
538,0,1
539,0,1
540,0,0
541,1,1
542,0,1
543,1,1
544,0,0
545,0,1
546,0,1
547,1,1
548,0,0
549,1,0
550,0,0
551,1,0
552,0,0
553,1,0
554,0,1
555,0,1
556,0,1
557,1,1
558,1,0
559,1,0
560,0,1
561,1,0
562,1,0
563,1,0
564,1,0
565,1,1
566,0,0
567,0,1
568,0,1
569,1,0
570,0,1
571,1,1
572,1,1
573,0,1
574,0,0
575,1,0
576,1,1
577,1,1
578,1,0
579,0,0
580,0,0
581,0,1
582,1,0
583,0,1
584,0,0
585,0,1
586,0,1
587,0,0
588,1,1
589,0,0
590,0,1
591,1,1
592,1,1
593,0,1
594,0,0
595,1,0
596,0,0
597,1,0
598,0,0
599,1,0
600,1,0
601,1,0
602,1,0
603,1,1
604,0,1
605,0,0
606,0,1
607,1,0
608,1,0
609,1,1
610,0,0
611,1,1
612,1,0
613,1,0
614,0,1
615,1,1
616,1,1
617,1,0
618,0,0
619,0,1
620,1,1
621,0,0
622,0,0
623,0,1
624,1,0
625,1,0
626,1,0
627,0,1
628,1,1
629,1,1
630,1,0
631,0,0
632,0,1
633,1,1
634,0,1
635,0,0
636,1,0
637,0,0
638,1,0
639,1,0
640,0,0
641,1,0
642,0,1
643,0,0
644,1,0
645,1,0
646,1,0
647,0,0
648,0,1
649,1,0
650,0,0
651,0,0
652,1,0
653,0,0
654,1,1
655,1,0
656,0,0
657,0,1
658,1,1
659,0,1
660,1,1
661,1,1
662,0,0
663,0,0
664,0,0
665,1,1
666,1,1
667,0,1
668,1,0
669,0,1
670,1,1
671,1,1
672,0,0
673,1,1
674,0,0
675,1,0
676,1,0
677,0,1
678,1,0
679,1,0
680,0,0
681,0,0
682,0,1
683,1,0
684,0,0
685,1,0
686,1,1
687,1,1
688,1,1
689,1,0
690,0,1
691,0,0
692,1,1
693,0,0
694,0,1
695,1,0
696,1,0
697,0,1
698,1,1
699,1,0
700,1,1
701,1,0
702,0,0
703,0,1
704,0,0
705,1,0
706,1,1
707,1,1
708,1,1
709,0,1
710,0,1
711,0,1
712,0,0
713,1,0
714,0,1
715,1,1
716,0,0
717,0,1
718,0,0
719,0,0
720,1,1
721,1,0
722,0,1
723,1,1
724,1,1
725,0,0
726,1,1
727,0,1
728,0,0
729,0,1
730,1,1
731,0,1
732,0,1
733,1,1
734,0,0
735,0,0
736,1,1
737,1,1
738,1,0
739,0,1
740,1,0
741,0,0
742,0,1
743,0,0
744,1,1
745,0,1
746,1,1
747,1,1
748,0,0
749,1,1
750,0,1
751,1,1
752,0,0
753,0,0
754,0,1
755,0,0
756,1,0
757,1,0
758,1,1
759,0,0
760,1,1
761,0,0
762,0,1
763,0,1
764,0,1
765,1,0
766,0,1
767,0,0
768,0,0
769,1,0
770,0,0
771,1,1
772,1,1
773,0,1
774,0,1
775,0,0
776,1,0
777,1,0
778,0,0
779,1,0
780,1,0
781,1,1
782,1,1
783,1,1
784,1,1
785,1,1
786,0,1
787,1,1
788,1,1
789,1,0
790,0,0
791,0,1
792,1,0
793,1,1
794,1,0
795,0,0
796,1,1
797,0,0
798,1,0
799,0,1
800,1,0
801,0,0
802,0,1
803,1,0
804,1,0
805,0,1
806,0,0
807,0,0
808,1,1
809,0,1
810,1,1
811,1,0
812,1,0
813,0,1
814,0,1
815,1,1
816,0,0
817,0,1
818,1,1
819,1,0
820,1,0
821,1,0
822,1,0
823,1,0
824,1,1
825,1,0
826,1,1
827,1,1
828,1,1
829,1,1
830,0,0
831,1,0
832,0,1
833,1,0
834,0,1
835,1,1
836,0,1
837,1,1
838,0,0
839,0,1
840,0,0
841,1,1
842,1,1
843,0,1
844,0,0
845,1,1
846,0,0
847,0,0
848,0,1
849,1,0
850,1,1
851,1,0
852,0,0
853,1,1
854,0,1
855,1,0
856,1,1
857,0,1
858,0,1
859,1,0
860,0,1
861,0,1
862,0,1
863,1,0
864,1,1
865,1,0
866,0,1
867,1,1
868,1,0
869,1,0
870,1,1
871,1,1
872,1,1
873,0,0
874,1,1
875,0,0
876,0,0
877,0,0
878,1,0
879,1,1
880,1,0
881,1,1
882,0,0
883,0,0
884,0,1
885,1,0
886,0,1
887,1,0
888,0,1
889,1,1
890,0,1
891,1,0
892,1,0
893,0,0
894,1,1
895,0,0
896,1,1
897,0,1
898,0,1
899,0,1
900,0,1
901,1,1
902,1,0
903,1,0
904,0,0
905,1,0
906,0,1
907,0,0
908,0,0
909,1,1
910,1,1
911,1,0
912,0,0
913,1,1
914,1,1
915,0,1
916,1,1
917,0,0
918,1,1
919,1,0
920,1,0
921,1,1
922,0,1
923,0,0
924,1,1
925,0,0
926,0,1
927,1,0
928,0,0
929,1,0
930,0,0
931,1,1
932,1,1
933,0,1
934,0,0
935,0,0
936,1,1
937,1,1
938,0,0
939,1,1
940,1,0
941,0,0
942,0,0
943,0,1
944,1,0
945,1,1
946,0,0
947,0,1
948,0,0
949,0,0
950,1,1
951,1,0
952,1,1
953,1,1
954,1,1
955,0,0
956,0,1
957,0,1
958,0,1
959,0,1
960,1,1
961,0,1
962,1,1
963,1,1
964,1,0
965,1,0
966,1,0
967,0,0
968,1,0
969,1,1
970,1,1
971,1,0
972,1,1
973,1,1
974,0,0
975,0,0
976,0,0
977,1,1
978,0,1
979,1,1
980,0,0
981,0,0
982,1,1
983,0,0
984,0,1
985,1,1
986,1,0
987,1,0
988,1,0
989,1,1
990,1,1
991,0,1
992,0,1
993,1,1
994,1,0
995,1,0
996,0,1
997,0,1
998,0,0
999,1,1
1000,1,0
1001,0,0
1002,0,0
1003,1,1
1004,0,1
1005,1,1
1006,0,0
1007,0,0
1008,1,0
1009,0,1
1010,0,0
1011,0,0
1012,0,0
1013,0,1
1014,1,0
1015,1,0
1016,1,0
1017,1,1
1018,0,0
1019,1,0
1020,0,1
1021,1,0
1022,0,0
1023,1,1
1024,1,1
1025,1,0
1026,0,1
1027,1,0
1028,0,0
1029,0,1
1030,0,1
1031,1,1
1032,1,1
1033,0,0
1034,0,0
1035,1,0
1036,1,0
1037,1,1
1038,1,1
1039,0,0
1040,1,1
1041,0,0
1042,0,0
1043,1,1
1044,0,1
1045,0,0
1046,0,0
1047,0,0
1048,1,1
1049,0,1
1050,0,0
1051,1,1
1052,0,1
1053,1,1
1054,0,1
1055,0,0
1056,1,0
1057,1,1
1058,1,0
1059,0,0
1060,0,0
1061,1,1
1062,1,1
1063,1,1
1064,0,1
1065,1,1
1066,1,0
1067,0,0
1068,1,1
1069,0,0
1070,1,1
1071,0,0
1072,0,0
1073,0,1
1074,0,0
1075,1,0
1076,0,0
1077,0,0
1078,0,0
1079,1,0
1080,0,0
1081,1,1
1082,0,1
1083,0,1
1084,0,0
1085,1,1
1086,0,0
1087,1,1
1088,0,1
1089,1,1
1090,1,1
1091,0,0
1092,0,1
1093,0,1
1094,0,1
1095,1,1
1096,1,1
1097,1,0
1098,1,1
1099,1,0
1100,1,0
1101,0,1
1102,1,1
1103,0,1
1104,0,0
1105,0,0
1106,1,0
1107,0,0
1108,0,1
1109,1,1
1110,1,0
1111,0,1
1112,0,0
1113,1,1
1114,0,1
1115,0,1
1116,1,0
1117,1,0
1118,1,1
1119,1,1
1120,1,0
1121,1,1
1122,1,1
1123,1,0
1124,1,1
1125,0,1
1126,1,0
1127,0,0
1128,1,0
1129,0,1
1130,1,0
1131,0,1
1132,1,1
1133,1,1
1134,1,0
1135,0,0
1136,0,0
1137,1,1
1138,0,1
1139,0,0
1140,0,1
1141,0,0
1142,0,1
1143,0,1
1144,0,1
1145,0,1
1146,0,1
1147,0,0
1148,0,0
1149,0,0
1150,1,0
1151,0,1
1152,0,0
1153,1,1
1154,1,1
1155,0,0
1156,0,1
1157,0,1
1158,0,0
1159,1,1
1160,1,1
1161,1,1
1162,1,1
1163,1,0
1164,0,0
1165,0,0
1166,0,0
1167,1,1
1168,1,0
1169,1,0
1170,0,1
1171,1,0
1172,1,0
1173,1,1
1174,1,0
1175,0,1
1176,0,0
1177,0,0
1178,1,1
1179,0,0
1180,1,0
1181,1,1
1182,1,0
1183,0,0
1184,1,0
1185,1,0
1186,0,0
1187,0,0
1188,0,0
1189,1,0
1190,1,1
1191,0,1
1192,0,1
1193,1,0
1194,0,1
1195,0,0
1196,0,0
1197,1,1
1198,1,0
1199,0,1
1200,1,0
1201,0,0
1202,0,0
1203,1,0
1204,1,0
1205,1,1
1206,0,0
1207,1,0
1208,1,0
1209,1,0
1210,0,0
1211,1,0
1212,0,1
1213,0,1
1214,1,1
1215,1,0
1216,1,1
1217,0,1
1218,0,1
1219,0,0
1220,1,1
1221,0,0
1222,1,1
1223,0,0
1224,1,0
1225,0,0
1226,0,1
1227,0,1
1228,1,0
1229,1,0
1230,1,1
1231,0,1
1232,1,1
1233,1,1
1234,1,0
1235,0,1
1236,1,0
1237,0,0
1238,0,0
1239,1,0
1240,0,1
1241,1,1
1242,1,0
1243,0,1
1244,0,0
1245,0,1
1246,0,0
1247,1,0
1248,0,1
1249,1,0
1250,1,1
1251,0,0
1252,0,0
1253,1,0
1254,0,1
1255,0,1
1256,1,1
1257,1,1
1258,1,0
1259,1,1
1260,0,0
1261,0,1
1262,1,1
1263,1,1
1264,0,1
1265,0,1
1266,1,0
1267,0,1
1268,1,0
1269,0,0
1270,0,1
1271,1,1
1272,0,0
1273,1,0
1274,1,1
1275,0,1
1276,0,0
1277,0,0
1278,0,1
1279,1,0
1280,1,1
1281,0,0
1282,1,1
1283,0,1
1284,0,0
1285,1,1
1286,1,0
1287,0,0
1288,0,0
1289,1,0
1290,1,0
1291,1,0
1292,0,1
1293,1,0
1294,0,0
1295,0,1
1296,1,1
1297,0,0
1298,1,1
1299,0,0
1300,1,1
1301,0,0
1302,1,0
1303,0,0
1304,1,0
1305,1,0
1306,1,0
1307,0,0
1308,0,0
1309,1,1
1310,1,0
1311,1,1
1312,1,1
1313,0,0
1314,0,0
1315,0,1
1316,0,0
1317,0,0
1318,1,1
1319,0,0
1320,0,0
1321,1,0
1322,1,1
1323,0,0
1324,0,0
1325,1,1
1326,0,0
1327,0,1
1328,1,1
1329,0,0
1330,0,1
1331,0,0
1332,0,0
1333,0,1
1334,0,1
1335,0,0
1336,1,1
1337,0,1
1338,1,0
1339,0,0
1340,0,0
1341,1,0
1342,0,0
1343,0,0
1344,1,1
1345,1,1
1346,1,1
1347,0,0
1348,1,1
1349,0,0
1350,0,1
1351,0,1
1352,0,0
1353,1,0
1354,1,0
1355,0,1
1356,0,0
1357,1,1
1358,1,0
1359,1,1
1360,1,0
1361,0,0
1362,1,1
1363,0,0
1364,0,1
1365,1,0
1366,0,0
1367,0,1
1368,1,0
1369,0,1
1370,1,1
1371,0,1
1372,0,0
1373,1,1
1374,0,0
1375,1,1
1376,1,0
1377,1,1
1378,0,0
1379,1,1
1380,1,0
1381,0,0
1382,1,0
1383,0,1
1384,0,1
1385,0,1
1386,0,0
1387,1,0
1388,1,0
1389,1,0
1390,0,0
1391,0,0
1392,0,1
1393,1,1
1394,0,0
1395,0,0
1396,0,0
1397,1,1
1398,0,1
1399,0,0
1400,1,0
1401,1,0
1402,0,1
1403,0,0
1404,1,1
1405,1,0
1406,1,1
1407,0,1
1408,0,1
1409,0,1
1410,0,1
1411,0,1
1412,1,0
1413,1,1
1414,0,0
1415,0,0
1416,1,0
1417,1,0
1418,1,1
1419,1,0
1420,1,1
1421,1,1
1422,0,1
1423,0,1
1424,1,0
1425,1,1
1426,1,1
1427,1,0
1428,0,1
1429,1,1
1430,1,1
1431,1,0
1432,0,1
1433,1,0
1434,0,1
1435,1,1
1436,1,1
1437,1,1
1438,1,1
1439,0,0
1440,0,0
1441,0,1
1442,1,1
1443,1,1
1444,1,1
1445,0,0
1446,1,1
1447,0,1
1448,1,0
1449,0,1
1450,1,0
1451,1,1
1452,1,0
1453,1,1
1454,1,1
1455,0,1
1456,1,1
1457,1,0
1458,1,1
1459,0,0
1460,0,1
1461,1,1
1462,0,1
1463,0,0
1464,1,0
1465,1,0
1466,0,0
1467,1,0
1468,0,0
1469,1,1
1470,1,0
1471,0,1
1472,0,1
1473,1,1
1474,1,0
1475,0,1
1476,1,0
1477,0,1
1478,0,0
1479,1,0
1480,1,1
1481,0,1
1482,0,0
1483,1,1
1484,1,0
1485,1,1
1486,1,0
1487,0,0
1488,0,1
1489,0,0
1490,1,1
1491,1,0
1492,1,0
1493,1,0
1494,0,1
1495,0,1
1496,0,1
1497,1,1
1498,1,1
1499,0,1
1500,1,0
1501,0,0
1502,0,1
1503,1,0
1504,0,0
1505,1,1
1506,1,0
1507,1,1
1508,1,1
1509,0,1
1510,1,0
1511,1,1
1512,1,0
1513,0,0
1514,0,1
1515,0,1
1516,0,0
1517,1,0
1518,0,1
1519,1,1
1520,1,0
1521,0,0
1522,1,1
1523,0,0
1524,0,1
1525,1,1
1526,1,0
1527,1,1
1528,0,1
1529,0,0
1530,0,0
1531,1,1
1532,0,0
1533,0,0
1534,1,0
1535,1,1
1536,0,0
1537,1,1
1538,1,0
1539,0,1
1540,1,0
1541,0,1
1542,1,1
1543,1,1
1544,0,0
1545,0,1
1546,1,0
1547,1,1
1548,0,1
1549,1,1
1550,0,0
1551,0,1
1552,1,1
1553,1,0
1554,1,1
1555,0,1
1556,0,1
1557,0,0
1558,0,1
1559,0,0
1560,0,0
1561,0,1
1562,1,0
1563,0,0
1564,0,1
1565,1,0
1566,1,0
1567,0,1
1568,0,0
1569,0,1
1570,1,1
1571,0,0
1572,0,1
1573,1,1
1574,1,1
1575,0,0
1576,1,1
1577,0,1
1578,0,0
1579,0,1
1580,0,0
1581,1,1
1582,1,1
1583,0,0
1584,0,1
1585,0,0
1586,1,1
1587,1,0
1588,1,1
1589,1,1
1590,0,1
1591,0,1
1592,1,0
1593,0,0
1594,1,1
1595,0,1
1596,1,1
1597,0,1
1598,0,1
1599,1,1
1600,1,1
1601,1,0
1602,1,0
1603,1,1
1604,0,0
1605,0,1
1606,1,1
1607,1,0
1608,0,1
1609,1,1
1610,0,1
1611,0,1
1612,1,1
1613,0,0
1614,0,1
1615,0,1
1616,0,0
1617,1,1
1618,0,0
1619,1,1
1620,0,1
1621,0,0
1622,0,0
1623,0,0
1624,1,0
1625,1,1
1626,0,0
1627,0,1
1628,1,0
1629,0,1
1630,1,0
1631,0,0
1632,1,1
1633,0,1
1634,0,1
1635,1,1
1636,0,1
1637,0,0
1638,0,1
1639,1,0
1640,0,0
1641,1,0
1642,0,0
1643,0,1
1644,0,1
1645,0,0
1646,0,0
1647,1,0
1648,1,1
1649,1,0
1650,1,0
1651,0,0
1652,1,1
1653,0,1
1654,0,0
1655,0,1
1656,0,1
1657,1,1
1658,0,1
1659,0,0
1660,0,1
1661,1,0
1662,0,1
1663,1,1
1664,0,0
1665,0,0
1666,0,1
1667,0,1
1668,0,1
1669,0,0
1670,0,1
1671,1,1
1672,0,1
1673,0,1
1674,0,1
1675,1,1
1676,0,1
1677,0,0
1678,1,0
1679,1,1
1680,1,1
1681,0,0
1682,0,0
1683,1,0
1684,1,1
1685,0,1
1686,0,0
1687,0,1
1688,1,0
1689,0,1
1690,1,0
1691,1,1
1692,0,1
1693,1,0
1694,1,1
1695,1,0
1696,0,1
1697,0,1
1698,1,0
1699,1,0
1700,1,0
1701,0,1
1702,1,0
1703,1,1
1704,0,0
1705,1,1
1706,1,0
1707,0,0
1708,0,0
1709,1,1
1710,1,1
1711,0,0
1712,0,1
1713,1,1
1714,1,1
1715,0,0
1716,1,1
1717,1,0
1718,0,0
1719,0,0
1720,0,0
1721,0,0
1722,0,0
1723,1,1
1724,1,1
1725,0,1
1726,0,0
1727,0,0
1728,1,0
1729,1,0
1730,1,1
1731,1,1
1732,1,1
1733,1,1
1734,0,0
1735,1,1
1736,1,0
1737,0,0
1738,1,1
1739,1,0
1740,0,0
1741,1,0
1742,0,1
1743,1,1
1744,1,1
1745,0,0
1746,1,1
1747,0,1
1748,1,1
1749,1,0
1750,0,1
1751,0,0
1752,1,0
1753,1,0
1754,0,0
1755,1,1
1756,1,0
1757,1,1
1758,0,0
1759,0,1
1760,1,0
1761,1,1
1762,1,0
1763,1,1
1764,1,0
1765,1,1
1766,1,0
1767,1,0
1768,1,0
1769,1,1
1770,0,0
1771,1,1
1772,1,0
1773,1,1
1774,1,0
1775,1,1
1776,1,0
1777,0,0
1778,1,1
1779,1,0
1780,0,1
1781,1,1
1782,1,1
1783,0,1
1784,0,0
1785,0,1
1786,1,0
1787,0,1
1788,1,0
1789,1,0
1790,0,1
1791,1,1
1792,0,0
1793,0,1
1794,1,0
1795,0,0
1796,0,0
1797,1,1
1798,1,1
1799,1,1
1800,0,0
1801,1,1
1802,1,0
1803,1,0
1804,0,1
1805,1,1
1806,0,0
1807,0,0
1808,0,0
1809,1,1
1810,1,0
1811,1,1
1812,0,0
1813,1,1
1814,0,1
1815,0,0
1816,0,0
1817,0,1
1818,1,1
1819,0,1
1820,1,0
1821,1,1
1822,0,0
1823,1,0
1824,1,0
1825,1,0
1826,1,1
1827,0,1
1828,1,0
1829,0,0
1830,1,0
1831,1,1
1832,1,1
1833,0,0
1834,0,1
1835,0,1
1836,1,0
1837,1,0
1838,1,1
1839,0,1
1840,0,0
1841,0,0
1842,0,1
1843,0,0
1844,1,0
1845,0,0
1846,0,0
1847,1,1
1848,1,0
1849,0,0
1850,1,0
1851,0,1
1852,1,1
1853,1,0
1854,1,1
1855,1,0
1856,1,1
1857,0,0
1858,0,1
1859,1,1
1860,0,0
1861,0,1
1862,0,1
1863,1,1
1864,1,0
1865,1,0
1866,1,1
1867,0,0
1868,1,1
1869,1,0
1870,1,0
1871,0,0
1872,1,1
1873,0,1
1874,0,0
1875,0,0
1876,1,1
1877,1,0
1878,0,0
1879,1,1
1880,0,1
1881,1,0
1882,1,1
1883,1,0
1884,1,0
1885,0,0
1886,1,0
1887,0,1
1888,1,0
1889,1,1
1890,1,1
1891,0,0
1892,1,0
1893,1,1
1894,0,1
1895,1,1
1896,1,0
1897,1,1
1898,0,0
1899,0,1
1900,0,1
1901,1,1
1902,1,1
1903,0,1
1904,1,0
1905,1,0
1906,0,0
1907,0,0
1908,1,1
1909,0,1
1910,0,1
1911,1,0
1912,1,0
1913,0,1
1914,1,0
1915,0,0
1916,0,1
1917,1,0
1918,0,1
1919,1,0
1920,0,0
1921,1,1
1922,0,1
1923,1,0
1924,1,1
1925,1,1
1926,1,0
1927,1,0
1928,0,1
1929,0,0
1930,0,0
1931,1,0
1932,1,0
1933,0,0
1934,0,0
1935,1,0
1936,1,0
1937,1,0
1938,0,1
1939,1,1
1940,1,1
1941,1,0
1942,1,0
1943,0,1
1944,1,1
1945,1,1
1946,1,0
1947,1,1
1948,0,1
1949,1,1
1950,1,0
1951,0,1
1952,0,0
1953,1,1
1954,0,0
1955,1,0
1956,0,1
1957,1,0
1958,0,0
1959,0,1
1960,1,0
1961,1,1
1962,0,0
1963,1,1
1964,0,0
1965,1,0
1966,1,1
1967,0,1
1968,0,1
1969,0,1
1970,0,1
1971,1,0
1972,1,1
1973,0,1
1974,1,1
1975,0,1
1976,0,1
1977,1,1
1978,1,1
1979,1,0
1980,1,0
1981,1,0
1982,0,0
1983,0,1
1984,0,0
1985,1,1
1986,1,0
1987,0,1
1988,0,1
1989,1,0
1990,1,1
1991,1,0
1992,1,1
1993,0,0
1994,0,0
1995,0,1
1996,0,1
1997,0,0
1998,0,0
1999,0,1
2000,1,0
2001,0,1
2002,1,0
2003,1,1
2004,1,1
2005,0,0
2006,0,1
2007,0,0
2008,1,0
2009,1,1
2010,1,0
2011,1,1
2012,1,0
2013,0,0
2014,1,1
2015,0,0
2016,0,0
2017,0,1
2018,0,1
2019,0,0
2020,1,0
2021,0,1
2022,0,0
2023,0,1
2024,0,0
2025,1,0
2026,0,0
2027,0,0
2028,1,0
2029,0,1
2030,0,1
2031,1,1
2032,1,1
2033,0,0
2034,1,0
2035,0,0
2036,0,0
2037,1,0
2038,0,0
2039,1,0
2040,1,0
2041,1,0
2042,0,0
2043,1,1
2044,0,1
2045,0,0
2046,1,0
2047,1,1
2048,1,0
2049,0,1
2050,0,0
2051,0,0
2052,1,1
2053,0,1
2054,1,0
2055,0,1
2056,0,1
2057,1,0
2058,0,1
2059,1,1
2060,0,1
2061,1,1
2062,0,1
2063,1,0
2064,1,0
2065,1,0
2066,1,0
2067,1,1
2068,0,0
2069,0,1
2070,1,0
2071,0,0
2072,0,1
2073,0,1
2074,1,0
2075,1,1
2076,0,1
2077,1,0
2078,0,0
2079,0,0
2080,1,1
2081,0,1
2082,0,1
2083,0,1
2084,1,1
2085,0,0
2086,1,1
2087,0,0
2088,1,0
2089,1,1
2090,1,0
2091,1,0
2092,1,1
2093,1,0
2094,0,0
2095,0,1
2096,1,1
2097,0,0
2098,0,0
2099,0,1
2100,1,0
2101,1,0
2102,1,0
2103,0,1
2104,0,0
2105,0,1
2106,1,0
2107,1,1
2108,1,1
2109,0,1
2110,1,1
2111,1,1
2112,1,0
2113,0,1
2114,0,0
2115,1,1
2116,1,0
2117,0,0
2118,0,0
2119,1,1
2120,0,0
2121,0,0
2122,0,1
2123,0,0
2124,0,1
2125,1,0
2126,0,1
2127,0,1
2128,1,1
2129,1,1
2130,0,1
2131,1,1
2132,0,1
2133,1,0
2134,0,1
2135,0,1
2136,0,0
2137,1,1
2138,1,0
2139,0,1
2140,1,1
2141,0,0
2142,0,0
2143,1,0
2144,1,1
2145,1,0
2146,0,1
2147,0,1
2148,1,0
2149,1,0
2150,1,1
2151,1,0
2152,0,1
2153,1,0
2154,1,1
2155,0,1
2156,1,1
2157,0,1
2158,1,0
2159,1,0
2160,0,0
2161,1,1
2162,0,1
2163,0,0
2164,0,1
2165,0,1
2166,0,1
2167,1,1
2168,1,1
2169,0,1
2170,0,1
2171,0,1
2172,0,0
2173,0,1
2174,0,1
2175,1,1
2176,1,0
2177,0,1
2178,0,1
2179,1,1
2180,1,0
2181,0,0
2182,1,1
2183,1,1
2184,0,0
2185,0,0
2186,0,0
2187,1,0
2188,0,1
2189,0,1
2190,0,0
2191,0,0
2192,1,0
2193,0,1
2194,1,1
2195,1,0
2196,0,1
2197,0,1
2198,0,1
2199,0,1
2200,1,0
2201,0,0
2202,1,1
2203,1,1
2204,1,1
2205,0,1
2206,1,0
2207,0,1
2208,0,0
2209,1,0
2210,1,1
2211,0,1
2212,1,0
2213,0,0
2214,1,1
2215,1,1
2216,1,0
2217,0,1
2218,0,0
2219,0,0
2220,0,1
2221,1,0
2222,1,0
2223,0,1
2224,0,1
2225,1,0
2226,0,0
2227,1,1
2228,0,0
2229,0,1
2230,0,1
2231,0,1
2232,0,0
2233,0,0
2234,1,1
2235,0,1
2236,1,1
2237,0,0
2238,0,0
2239,1,1
2240,1,1
2241,0,0
2242,1,0
2243,1,1
2244,1,1
2245,0,1
2246,0,1
2247,1,1
2248,0,1
2249,1,0
2250,0,1
2251,1,1
2252,1,1
2253,1,1
2254,1,0
2255,0,0
2256,1,1
2257,0,0
2258,1,0
2259,1,0
2260,1,1
2261,0,1
2262,1,1
2263,1,1
2264,1,0
2265,1,1
2266,0,0
2267,1,1
2268,1,1
2269,1,0
2270,1,0
2271,0,1
2272,0,1
2273,1,0
2274,0,0
2275,0,0
2276,1,1
2277,1,0
2278,0,1
2279,1,0
2280,1,1
2281,0,0
2282,1,1
2283,0,1
2284,0,0
2285,1,0
2286,1,1
2287,1,0
2288,0,1
2289,1,0
2290,0,1
2291,1,0
2292,1,0
2293,1,1
2294,0,0
2295,1,1
2296,0,1
2297,0,0
2298,1,0
2299,1,1
2300,0,0
2301,0,0
2302,1,1
2303,0,1
2304,1,0
2305,1,1
2306,1,0
2307,0,0
2308,1,1
2309,1,0
2310,0,0
2311,0,1
2312,1,0
2313,0,0
2314,1,0
2315,1,1
2316,0,1
2317,1,0
2318,0,0
2319,0,1
2320,1,0
2321,1,1
2322,1,1
2323,1,0
2324,0,1
2325,0,0
2326,1,1
2327,1,0
2328,0,0
2329,1,1
2330,1,0
2331,1,0
2332,1,1
2333,0,1
2334,1,0
2335,1,1
2336,1,1
2337,0,0
2338,1,0
2339,1,1
2340,0,0
2341,0,0
2342,0,1
2343,1,0
2344,1,1
2345,1,1
2346,0,1
2347,1,1
2348,1,0
2349,1,0
2350,1,0
2351,0,1
2352,0,1
2353,1,1
2354,1,0
2355,0,0
2356,0,1
2357,0,0
2358,0,0
2359,1,1
2360,1,1
2361,1,0
2362,0,1
2363,0,0
2364,1,0
2365,0,0
2366,1,1
2367,0,0
2368,1,1
2369,1,0
2370,1,1
2371,0,1
2372,0,1
2373,1,0
2374,1,0
2375,0,1
2376,1,0
2377,1,1
2378,0,0
2379,1,0
2380,1,0
2381,0,1
2382,1,0
2383,1,1
2384,1,1
2385,0,1
2386,0,0
2387,1,0
2388,0,0
2389,1,0
2390,0,1
2391,0,1
2392,1,0
2393,1,1
2394,1,1
2395,0,0
2396,1,0
2397,0,0
2398,1,1
2399,0,1
2400,0,1
2401,0,0
2402,0,1
2403,0,0
2404,0,1
2405,1,0
2406,1,0
2407,0,0
2408,1,0
2409,1,0
2410,1,0
2411,1,0
2412,1,0
2413,1,1
2414,1,0
2415,0,0
2416,1,1
2417,0,1
2418,1,0
2419,0,1
2420,0,1
2421,1,1
2422,1,1
2423,1,0
2424,1,0
2425,1,1
2426,1,0
2427,1,1
2428,1,0
2429,0,1
2430,1,0
2431,0,0
2432,1,1
2433,0,0
2434,1,0
2435,0,1
2436,1,0
2437,1,0
2438,0,1
2439,0,1
2440,1,1
2441,0,0
2442,0,0
2443,0,0
2444,0,0
2445,1,0
2446,0,1
2447,0,0
2448,0,0
2449,1,0
2450,0,1
2451,1,0
2452,1,0
2453,0,0
2454,1,0
2455,1,0
2456,0,0
2457,0,1
2458,0,1
2459,1,1
2460,1,0
2461,1,0
2462,0,0
2463,0,0
2464,0,0
2465,0,1
2466,0,0
2467,1,1
2468,0,1
2469,1,0
2470,1,1
2471,1,1
2472,1,0
2473,0,1
2474,0,0
2475,0,0
2476,0,0
2477,0,1
2478,1,0
2479,0,0
2480,1,1
2481,1,1
2482,0,1
2483,0,0
2484,1,0
2485,1,1
2486,1,0
2487,1,1
2488,0,0
2489,0,0
2490,1,1
2491,0,1
2492,0,0
2493,0,1
2494,0,1
2495,1,1
2496,1,0
2497,0,1
2498,1,1
2499,0,0
2500,1,1
2501,0,1
2502,1,1
2503,0,1
2504,0,1
2505,1,1
2506,1,1
2507,0,0
2508,1,1
2509,0,0
2510,0,1
2511,0,0
2512,1,0
2513,1,0
2514,0,1
2515,0,1
2516,0,1
2517,1,1
2518,0,0
2519,1,0
2520,1,1
2521,1,0
2522,1,0
2523,0,1
2524,1,0
2525,0,1
2526,0,0
2527,1,0
2528,0,1
2529,1,0
2530,1,1
2531,1,0
2532,1,0
2533,1,1
2534,0,1
2535,1,0
2536,0,1
2537,0,1
2538,1,1
2539,0,0
2540,1,0
2541,1,1
2542,1,0
2543,0,1
2544,1,0
2545,1,1
2546,0,0
2547,0,1
2548,0,1
2549,1,1
2550,0,1
2551,1,1
2552,1,0
2553,0,1
2554,1,0
2555,1,0
2556,0,1
2557,1,0
2558,0,0
2559,1,1
2560,1,1
2561,1,1
2562,1,1
2563,1,0
2564,1,1
2565,0,1
2566,1,0
2567,1,1
2568,1,0
2569,0,0
2570,0,1
2571,1,0
2572,1,0
2573,0,1
2574,1,0
2575,1,0
2576,0,0
2577,1,1
2578,1,0
2579,0,1
2580,1,1
2581,1,0
2582,0,1
2583,0,0
2584,0,0
2585,0,1
2586,1,0
2587,1,0
2588,0,0
2589,0,1
2590,1,1
2591,0,1
2592,1,0
2593,1,1
2594,0,0
2595,1,1
2596,0,0
2597,1,0
2598,0,0
2599,1,0
2600,0,0
2601,1,1
2602,0,1
2603,0,1
2604,1,1
2605,1,0
2606,0,1
2607,1,1
2608,0,1
2609,0,0
2610,1,1
2611,0,0
2612,1,0
2613,0,1
2614,1,0
2615,0,1
2616,0,0
2617,0,0
2618,1,1
2619,1,1
2620,1,0
2621,0,1
2622,1,0
2623,1,1
2624,0,0
2625,0,0
2626,0,0
2627,1,0
2628,1,0
2629,1,0
2630,0,0
2631,0,0
2632,1,1
2633,0,0
2634,1,0
2635,0,0
2636,1,0
2637,0,0
2638,0,1
2639,0,0
2640,1,1
2641,0,1
2642,0,0
2643,0,1
2644,1,1
2645,0,0
2646,1,0
2647,0,0
2648,1,1
2649,0,1
2650,0,0
2651,0,0
2652,1,0
2653,0,1
2654,1,0
2655,0,1
2656,0,1
2657,0,0
2658,0,0
2659,1,1
2660,1,0
2661,0,1
2662,1,0
2663,0,0
2664,0,1
2665,1,0
2666,1,1
2667,1,1
2668,0,0
2669,0,0
2670,1,1
2671,1,0
2672,0,0
2673,1,1
2674,1,0
2675,0,0
2676,1,1
2677,0,0
2678,0,1
2679,1,0
2680,0,1
2681,0,1
2682,0,0
2683,0,0
2684,1,1
2685,0,0
2686,1,1
2687,1,1
2688,0,0
2689,0,0
2690,1,0
2691,0,0
2692,1,0
2693,1,1
2694,0,0
2695,0,1
2696,1,0
2697,1,1
2698,0,0
2699,0,1
2700,0,0
2701,1,0
2702,1,0
2703,0,1
2704,0,1
2705,0,0
2706,1,0
2707,0,0
2708,0,0
2709,1,1
2710,1,1
2711,0,0
2712,0,0
2713,0,0
2714,0,0
2715,1,1
2716,1,1
2717,1,0
2718,0,1
2719,0,1
2720,0,1
2721,0,1
2722,1,0
2723,1,0
2724,1,1
2725,0,1
2726,1,0
2727,0,0
2728,1,0
2729,1,1
2730,1,1
2731,1,0
2732,0,0
2733,1,1
2734,1,1
2735,0,0
2736,1,1
2737,0,1
2738,0,0
2739,1,0
2740,1,0
2741,1,1
2742,0,1
2743,1,1
2744,0,0
2745,0,1
2746,0,0
2747,1,0
2748,0,0
2749,0,0
2750,0,0
2751,1,1
2752,1,0
2753,1,0
2754,1,0
2755,0,1
2756,0,0
2757,1,1
2758,1,1
2759,0,0
2760,0,0
2761,0,0
2762,0,1
2763,0,1
2764,0,1
2765,1,0
2766,0,1
2767,1,1
2768,0,1
2769,1,1
2770,0,1
2771,1,0
2772,0,1
2773,0,1
2774,1,1
2775,0,1
2776,0,1
2777,1,1
2778,1,0
2779,1,0
2780,1,1
2781,1,0
2782,0,0
2783,1,0
2784,1,1
2785,1,1
2786,1,1
2787,0,1
2788,0,1
2789,1,0
2790,1,1
2791,1,1
2792,1,1
2793,0,1
2794,1,0
2795,1,0
2796,1,0
2797,1,1
2798,1,1
2799,1,0
2800,1,0
2801,1,0
2802,1,1
2803,0,0
2804,1,1
2805,0,0
2806,0,1
2807,1,0
2808,1,0
2809,1,1
2810,0,0
2811,0,0
2812,0,0
2813,1,1
2814,1,1
2815,1,1
2816,1,0
2817,0,0
2818,0,0
2819,1,1
2820,0,1
2821,1,0
2822,1,0
2823,1,1
2824,0,0
2825,1,1
2826,0,1
2827,1,0
2828,0,1
2829,0,1
2830,0,1
2831,1,0
2832,1,1
2833,1,1
2834,0,1
2835,1,1
2836,1,1
2837,1,0
2838,0,0
2839,0,1
2840,0,1
2841,1,0
2842,1,0
2843,0,1
2844,1,0
2845,1,1
2846,1,1
2847,1,0
2848,1,1
2849,0,1
2850,0,1
2851,1,0
2852,0,0
2853,1,1
2854,1,1
2855,0,1
2856,0,1
2857,1,1
2858,0,1
2859,0,1
2860,1,1
2861,0,1
2862,1,0
2863,0,1
2864,0,1
2865,1,0
2866,1,0
2867,0,1
2868,1,0
2869,0,1
2870,0,0
2871,1,0
2872,1,1
2873,1,1
2874,1,0
2875,0,1
2876,1,0
2877,1,0
2878,0,1
2879,0,1
2880,1,1
2881,1,0
2882,0,0
2883,0,1
2884,0,1
2885,0,1
2886,1,1
2887,1,0
2888,1,1
2889,1,1
2890,0,0
2891,0,0
2892,1,0
2893,0,1
2894,1,1
2895,0,0
2896,1,0
2897,0,0
2898,1,0
2899,1,0
2900,1,1
2901,1,0
2902,1,0
2903,0,0
2904,0,1
2905,0,0
2906,0,1
2907,0,1
2908,0,0
2909,1,1
2910,1,0
2911,0,0
2912,1,1
2913,1,0
2914,0,1
2915,0,0
2916,1,1
2917,0,0
2918,0,0
2919,0,1
2920,0,1
2921,0,1
2922,0,0
2923,1,1
2924,1,0
2925,1,1
2926,0,1
2927,0,0
2928,0,0
2929,0,1
2930,0,0
2931,1,0
2932,1,1
2933,1,1
2934,0,1
2935,1,0
2936,1,0
2937,0,0
2938,1,0
2939,0,1
2940,0,0
2941,0,0
2942,1,0
2943,1,1
2944,1,1
2945,0,0
2946,0,0
2947,0,1
2948,1,1
2949,1,1
2950,1,1
2951,1,0
2952,0,1
2953,1,0
2954,1,0
2955,0,0
2956,1,1
2957,1,0
2958,1,0
2959,1,1
2960,0,0
2961,0,1
2962,1,1
2963,1,1
2964,1,0
2965,0,0
2966,0,0
2967,0,1
2968,1,0
2969,0,1
2970,0,0
2971,1,0
2972,0,1
2973,1,0
2974,1,1
2975,0,0
2976,1,1
2977,1,1
2978,1,0
2979,1,0
2980,1,0
2981,1,1
2982,1,0
2983,1,0
2984,0,0
2985,0,1
2986,1,1
2987,1,0
2988,0,1
2989,0,1
2990,0,0
2991,1,0
2992,1,1
2993,1,1
2994,1,1
2995,1,1
2996,1,1
2997,1,0
2998,0,0
2999,0,1
3000,0,1
3001,0,0
3002,0,1
3003,1,0
3004,1,1
3005,0,1
3006,0,0
3007,0,1
3008,0,1
3009,0,1
3010,1,1
3011,1,0
3012,0,0
3013,1,1
3014,1,0
3015,0,0
3016,1,0
3017,0,0
3018,0,1
3019,0,0
3020,0,0
3021,1,0
3022,0,1
3023,1,1
3024,1,0
3025,0,1
3026,0,1
3027,1,0
3028,1,0
3029,1,0
3030,1,1
3031,1,0
3032,0,0
3033,1,0
3034,0,0
3035,1,0
3036,0,0
3037,0,0
3038,1,1
3039,1,0
3040,1,0
3041,1,1
3042,0,1
3043,0,1
3044,1,1
3045,0,1
3046,1,1
3047,0,1
3048,0,0
3049,1,1
3050,1,0
3051,1,0
3052,1,0
3053,0,0
3054,0,0
3055,0,1
3056,0,1
3057,1,1
3058,1,0
3059,0,1
3060,1,0
3061,1,1
3062,1,0
3063,0,1
3064,1,0
3065,0,0
3066,1,1
3067,0,1
3068,1,0
3069,0,0
3070,0,0
3071,1,1
3072,1,1
3073,0,0
3074,0,0
3075,1,0
3076,0,1
3077,0,0
3078,0,0
3079,1,1
3080,0,1
3081,0,1
3082,0,0
3083,0,0
3084,0,0
3085,1,1
3086,0,1
3087,0,1
3088,0,1
3089,1,1
3090,1,1
3091,0,1
3092,1,1
3093,1,1
3094,1,0
3095,1,0
3096,0,1
3097,0,0
3098,1,0
3099,0,0
3100,0,0
3101,1,0
3102,0,0
3103,1,0
3104,1,1
3105,0,0
3106,0,1
3107,0,1
3108,0,0
3109,1,1
3110,1,1
3111,0,1
3112,0,1
3113,1,0
3114,1,0
3115,0,0
3116,1,1
3117,0,1
3118,1,1
3119,1,0
3120,0,1
3121,1,0
3122,1,0
3123,1,1
3124,1,1
3125,0,1
3126,1,0
3127,0,0
3128,0,1
3129,0,1
3130,1,0
3131,1,0
3132,0,0
3133,0,0
3134,0,0
3135,1,1
3136,1,1
3137,1,1
3138,1,0
3139,0,0
3140,1,0
3141,1,0
3142,1,1
3143,1,1
3144,1,0
3145,1,0
3146,0,1
3147,0,1
3148,0,0
3149,0,0
3150,0,1
3151,0,1
3152,0,1
3153,0,0
3154,0,1
3155,0,0
3156,0,0
3157,0,0
3158,0,0
3159,0,1
3160,1,1
3161,0,0
3162,0,0
3163,1,1
3164,1,1
3165,1,0
3166,1,1
3167,0,0
3168,0,1
3169,1,0
3170,0,0
3171,0,1
3172,1,1
3173,1,0
3174,0,1
3175,0,1
3176,1,1
3177,0,1
3178,1,1
3179,0,0
3180,1,1
3181,1,0
3182,1,1
3183,1,0
3184,1,1
3185,0,0
3186,0,0
3187,1,0
3188,1,1
3189,1,1
3190,0,1
3191,0,1
3192,0,0
3193,1,1
3194,0,1
3195,1,1
3196,0,1
3197,1,0
3198,0,1
3199,0,1
3200,0,1
3201,1,1
3202,1,0
3203,1,1
3204,1,0
3205,1,1
3206,0,1
3207,0,1
3208,0,1
3209,1,0
3210,1,0
3211,0,0
3212,0,0
3213,1,0
3214,0,0
3215,0,0
3216,1,0
3217,1,0
3218,0,1
3219,1,1
3220,0,0
3221,1,0
3222,1,1
3223,1,0
3224,1,1
3225,0,0
3226,1,0
3227,1,0
3228,1,0
3229,0,1
3230,1,0
3231,0,0
3232,0,0
3233,0,0
3234,0,0
3235,0,0
3236,1,1
3237,1,1
3238,0,0
3239,0,1
3240,1,1
3241,0,0
3242,1,0
3243,0,0
3244,0,1
3245,1,0
3246,1,1
3247,0,0
3248,1,0
3249,1,1
3250,1,1
3251,0,1
3252,1,1
3253,0,0
3254,0,0
3255,0,1
3256,0,1
3257,0,1
3258,0,1
3259,1,0
3260,0,0
3261,1,1
3262,0,1
3263,0,1
3264,0,1
3265,1,1
3266,0,0
3267,1,0
3268,1,0
3269,0,0
3270,1,1
3271,0,1
3272,0,1
3273,0,1
3274,0,1
3275,0,0
3276,0,0
3277,0,0
3278,0,1
3279,0,0
3280,0,0
3281,1,0
3282,1,0
3283,0,1
3284,0,1
3285,0,0
3286,1,1
3287,1,1
3288,0,0
3289,0,1
3290,0,0
3291,0,1
3292,1,0
3293,1,1
3294,0,0
3295,1,0
3296,1,0
3297,0,0
3298,0,0
3299,1,0
3300,0,0
3301,0,1
3302,0,1
3303,1,1
3304,0,0
3305,0,0
3306,1,0
3307,0,0
3308,0,1
3309,0,1
3310,1,1
3311,1,0
3312,1,1
3313,0,0
3314,0,1
3315,1,0
3316,1,0
3317,1,0
3318,0,0
3319,1,1
3320,0,0
3321,1,1
3322,1,1
3323,0,1
3324,0,0
3325,0,1
3326,1,0
3327,1,0
3328,0,1
3329,1,0
3330,1,0
3331,0,1
3332,0,1
3333,1,1
3334,1,0
3335,0,1
3336,1,0
3337,1,1
3338,1,1
3339,1,1
3340,0,0
3341,1,1
3342,1,0
3343,1,0
3344,1,1
3345,0,1
3346,0,0
3347,0,1
3348,1,1
3349,1,1
3350,0,1
3351,1,1
3352,1,0
3353,0,1
3354,0,0
3355,0,1
3356,1,1
3357,0,0
3358,0,0
3359,0,0
3360,1,0
3361,0,0
3362,0,0
3363,0,0
3364,1,0
3365,1,0
3366,0,0
3367,0,1
3368,1,0
3369,1,1
3370,1,1
3371,0,0
3372,0,1
3373,0,1
3374,1,0
3375,1,1
3376,1,1
3377,1,1
3378,1,0
3379,0,1
3380,0,1
3381,1,1
3382,1,1
3383,0,1
3384,1,1
3385,0,1
3386,1,0
3387,1,1
3388,0,1
3389,0,0
3390,0,0
3391,1,0
3392,1,0
3393,1,0
3394,0,0
3395,0,1
3396,1,1
3397,1,0
3398,0,1
3399,0,0
3400,0,0
3401,0,0
3402,0,1
3403,0,0
3404,0,0
3405,0,1
3406,0,0
3407,1,1
3408,1,0
3409,1,1
3410,1,1
3411,0,1
3412,1,0
3413,0,1
3414,1,0
3415,0,0
3416,0,1
3417,0,0
3418,0,0
3419,1,1
3420,1,0
3421,1,1
3422,0,1
3423,1,1
3424,0,0
3425,1,0
3426,1,1
3427,0,0
3428,0,0
3429,0,0
3430,1,1
3431,1,1
3432,1,0
3433,1,0
3434,0,1
3435,0,0
3436,1,0
3437,1,0
3438,1,0
3439,1,1
3440,1,0
3441,1,0
3442,1,1
3443,1,0
3444,1,1
3445,1,0
3446,1,1
3447,0,0
3448,1,1
3449,0,0
3450,0,1
3451,1,1
3452,1,0
3453,0,0
3454,0,1
3455,1,1
3456,1,0
3457,0,0
3458,0,0
3459,0,0
3460,1,1
3461,1,0
3462,0,1
3463,0,1
3464,1,0
3465,0,1
3466,0,1
3467,1,1
3468,1,0
3469,0,1
3470,1,1
3471,1,0
3472,1,1
3473,0,1
3474,1,0
3475,1,1
3476,0,0
3477,0,1
3478,1,1
3479,0,1
3480,1,0
3481,0,0
3482,0,1
3483,1,0
3484,0,1
3485,0,1
3486,1,0
3487,0,0
3488,0,0
3489,1,0
3490,1,0
3491,1,0
3492,1,0
3493,1,0
3494,1,0
3495,0,1
3496,1,0
3497,0,1
3498,1,1
3499,1,1
3500,0,0
3501,0,0
3502,0,1
3503,1,1
3504,1,0
3505,0,1
3506,0,1
3507,1,0
3508,1,1
3509,1,1
3510,0,1
3511,0,1
3512,1,0
3513,1,1
3514,1,1
3515,1,1
3516,1,1
3517,0,1
3518,1,1
3519,0,1
3520,1,0
3521,0,1
3522,0,0
3523,0,1
3524,1,0
3525,1,1
3526,0,1
3527,1,0
3528,0,0
3529,1,0
3530,1,1
3531,1,1
3532,1,1
3533,0,0
3534,1,1
3535,1,1
3536,1,1
3537,0,1
3538,1,1
3539,1,0
3540,1,1
3541,0,0
3542,1,1
3543,0,1
3544,1,1
3545,0,0
3546,0,0
3547,0,1
3548,1,1
3549,1,1
3550,1,0
3551,1,0
3552,0,0
3553,0,0
3554,1,0
3555,1,0
3556,1,0
3557,1,1
3558,0,1
3559,1,0
3560,0,0
3561,1,1
3562,0,0
3563,0,0
3564,1,1
3565,0,1
3566,0,0
3567,0,1
3568,0,1
3569,0,1
3570,1,0
3571,1,0
3572,1,1
3573,0,0
3574,1,1
3575,0,1
3576,0,0
3577,0,0
3578,1,0
3579,1,0
3580,1,1
3581,0,1
3582,0,0
3583,1,0
3584,0,0
3585,0,1
3586,0,0
3587,1,1
3588,0,1
3589,0,1
3590,1,1
3591,0,1
3592,0,0
3593,1,1
3594,1,0
3595,0,1
3596,1,0
3597,0,1
3598,1,0
3599,1,1
3600,1,0
3601,0,1
3602,0,0
3603,1,0
3604,0,1
3605,0,1
3606,1,0
3607,0,1
3608,1,0
3609,0,0
3610,1,0
3611,0,0
3612,1,1
3613,0,0
3614,0,0
3615,1,1
3616,0,1
3617,0,1
3618,1,1
3619,1,1
3620,0,0
3621,0,0
3622,0,0
3623,0,0
3624,0,0
3625,1,0
3626,1,1
3627,0,0
3628,0,1
3629,1,0
3630,0,0
3631,0,0
3632,1,0
3633,0,1
3634,0,1
3635,0,1
3636,0,1
3637,0,1
3638,1,1
3639,1,1
3640,0,1
3641,1,0
3642,1,1
3643,0,1
3644,0,0
3645,1,1
3646,0,1
3647,0,1
3648,0,1
3649,0,0
3650,0,0
3651,0,1
3652,1,0
3653,0,0
3654,1,1
3655,0,1
3656,1,0
3657,1,1
3658,0,0
3659,1,1
3660,0,1
3661,0,0
3662,1,1
3663,0,0
3664,1,0
3665,0,1
3666,0,0
3667,0,1
3668,0,1
3669,0,1
3670,0,1
3671,0,0
3672,0,0
3673,1,1
3674,0,0
3675,0,0
3676,1,0
3677,0,0
3678,0,0
3679,0,1
3680,1,1
3681,1,0
3682,1,1
3683,1,0
3684,1,1
3685,0,1
3686,0,1
3687,1,0
3688,1,1
3689,0,0
3690,1,0
3691,1,1
3692,1,0
3693,0,0
3694,0,1
3695,0,0
3696,0,1
3697,1,1
3698,1,0
3699,0,0
3700,1,0
3701,0,1
3702,1,0
3703,0,0
3704,1,0
3705,0,1
3706,1,1
3707,0,1
3708,1,1
3709,1,1
3710,1,0
3711,1,0
3712,0,0
3713,1,0
3714,1,0
3715,1,1
3716,1,1
3717,1,0
3718,0,1
3719,0,1
3720,0,1
3721,0,0
3722,0,0
3723,0,1
3724,0,0
3725,0,0
3726,0,1
3727,0,1
3728,1,0
3729,0,0
3730,1,1
3731,0,0
3732,0,0
3733,0,0
3734,1,0
3735,1,1
3736,0,0
3737,1,0
3738,0,0
3739,1,1
3740,0,0
3741,0,0
3742,0,0
3743,0,0
3744,0,0
3745,1,0
3746,0,1
3747,0,0
3748,0,0
3749,1,1
3750,0,1
3751,0,0
3752,0,0
3753,0,1
3754,0,1
3755,0,0
3756,0,1
3757,1,1
3758,1,1
3759,1,0
3760,0,0
3761,0,1
3762,0,0
3763,1,0
3764,1,0
3765,0,0
3766,1,1
3767,1,1
3768,0,0
3769,0,0
3770,0,0
3771,0,1
3772,0,0
3773,0,0
3774,0,0
3775,0,1
3776,1,0
3777,1,0
3778,1,0
3779,0,0
3780,0,0
3781,0,1
3782,0,0
3783,0,0
3784,1,1
3785,0,0
3786,1,0
3787,0,0
3788,1,1
3789,0,0
3790,1,1
3791,0,0
3792,0,1
3793,0,1
3794,0,0
3795,1,1
3796,1,1
3797,0,0
3798,0,0
3799,0,0
3800,0,0
3801,0,0
3802,1,1
3803,0,0
3804,0,0
3805,0,0
3806,1,0
3807,0,1
3808,0,0
3809,1,0
3810,0,1
3811,0,1
3812,0,0
3813,1,1
3814,0,1
3815,1,1
3816,0,1
3817,1,0
3818,0,0
3819,1,0
3820,1,0
3821,0,1
3822,1,1
3823,1,0
3824,0,0
3825,1,1
3826,1,1
3827,0,0
3828,0,0
3829,0,1
3830,0,0
3831,0,1
3832,1,0
3833,0,0
3834,1,0
3835,1,1
3836,1,0
3837,0,1
3838,0,0
3839,1,1
3840,1,1
3841,0,1
3842,0,1
3843,1,0
3844,0,1
3845,0,0
3846,0,1
3847,0,1
3848,1,1
3849,1,1
3850,1,0
3851,0,1
3852,0,1
3853,0,1
3854,1,0
3855,0,1
3856,0,1
3857,1,1
3858,0,0
3859,1,0
3860,1,0
3861,0,1
3862,1,0
3863,1,1
3864,1,1
3865,1,0
3866,1,1
3867,1,0
3868,1,1
3869,0,0
3870,1,0
3871,0,0
3872,0,1
3873,1,0
3874,0,0
3875,1,0
3876,1,0
3877,1,0
3878,0,0
3879,0,1
3880,1,0
3881,1,1
3882,0,1
3883,0,1
3884,0,1
3885,1,0
3886,0,1
3887,1,0
3888,0,1
3889,0,1
3890,0,0
3891,0,0
3892,1,0
3893,0,0
3894,1,1
3895,1,0
3896,1,1
3897,1,0
3898,0,1
3899,1,1
3900,0,0
3901,0,0
3902,1,1
3903,1,1
3904,0,0
3905,0,0
3906,0,0
3907,1,1
3908,1,0
3909,1,1
3910,1,1
3911,0,1
3912,0,1
3913,0,1
3914,0,1
3915,1,1
3916,1,0
3917,0,0
3918,0,1
3919,0,1
3920,0,0
3921,1,0
3922,0,1
3923,1,0
3924,0,1
3925,0,1
3926,1,1
3927,0,0
3928,1,1
3929,0,0
3930,1,0
3931,1,0
3932,0,0
3933,0,0
3934,1,0
3935,0,0
3936,0,1
3937,0,0
3938,0,0
3939,0,1
3940,1,0
3941,1,0
3942,0,0
3943,1,0
3944,1,1
3945,0,0
3946,1,0
3947,0,1
3948,1,1
3949,1,1
3950,1,0
3951,1,0
3952,0,1
3953,1,1
3954,1,0
3955,0,0
3956,0,0
3957,0,1
3958,1,1
3959,0,0
3960,0,0
3961,0,0
3962,0,0
3963,1,1
3964,1,1
3965,1,1
3966,0,1
3967,1,1
3968,1,0
3969,1,1
3970,0,0
3971,0,1
3972,0,0
3973,0,1
3974,0,1
3975,1,1
3976,0,1
3977,0,1
3978,1,1
3979,1,0
3980,0,0
3981,1,1
3982,0,1
3983,0,1
3984,1,1
3985,1,1
3986,0,1
3987,0,0
3988,0,0
3989,0,0
3990,0,0
3991,0,1
3992,1,1
3993,1,1
3994,0,1
3995,1,1
3996,0,1
3997,0,1
3998,0,1
3999,0,1
4000,0,0
4001,1,1
4002,1,1
4003,0,1
4004,1,1
4005,1,1
4006,0,1
4007,0,1
4008,0,1
4009,0,0
4010,1,0
4011,1,0
4012,0,1
4013,1,1
4014,1,0
4015,0,0
4016,1,1
4017,0,0
4018,0,0
4019,0,1
4020,1,0
4021,0,1
4022,0,1
4023,0,1
4024,1,1
4025,1,1
4026,1,1
4027,0,1
4028,1,1
4029,0,1
4030,1,1
4031,1,1
4032,1,1
4033,1,1
4034,0,0
4035,1,0
4036,0,0
4037,0,1
4038,0,0
4039,1,0
4040,1,0
4041,0,1
4042,1,0
4043,1,0
4044,1,1
4045,0,1
4046,0,0
4047,1,1
4048,1,1
4049,0,1
4050,0,0
4051,1,0
4052,0,0
4053,1,0
4054,1,1
4055,1,1
4056,0,1
4057,0,1
4058,1,0
4059,1,0
4060,0,1
4061,1,1
4062,0,0
4063,0,1
4064,0,0
4065,0,0
4066,1,1
4067,0,0
4068,1,1
4069,1,1
4070,0,0
4071,0,1
4072,1,1
4073,0,1
4074,1,0
4075,1,1
4076,0,0
4077,0,1
4078,0,1
4079,0,0
4080,1,1
4081,0,0
4082,0,1
4083,0,0
4084,1,0
4085,0,1
4086,0,0
4087,1,1
4088,0,0
4089,0,0
4090,0,1
4091,0,1
4092,1,0
4093,0,1
4094,0,1
4095,0,1
4096,0,0
4097,0,1
4098,0,1
4099,1,0
4100,1,1
4101,0,1
4102,0,1
4103,1,0
4104,1,0
4105,1,0
4106,1,0
4107,1,0
4108,1,0
4109,0,1
4110,0,1
4111,0,0
4112,0,0
4113,0,0
4114,0,1
4115,0,0
4116,0,1
4117,1,0
4118,0,0
4119,0,1
4120,1,1
4121,0,0
4122,0,0
4123,0,1
4124,1,1
4125,0,1
4126,0,0
4127,1,1
4128,0,1
4129,0,1
4130,0,0
4131,1,1
4132,1,1
4133,0,1
4134,1,0
4135,1,0
4136,1,1
4137,0,0
4138,0,1
4139,0,0
4140,0,1
4141,1,1
4142,1,1
4143,0,1
4144,1,1
4145,0,1
4146,1,0
4147,1,0
4148,1,1
4149,1,0
4150,0,0
4151,0,1
4152,0,1
4153,0,0
4154,1,0
4155,0,0
4156,0,1
4157,0,1
4158,1,0
4159,1,1
4160,0,0
4161,1,1
4162,1,0
4163,1,1
4164,1,1
4165,0,1
4166,1,1
4167,1,1
4168,1,1
4169,0,0
4170,1,0
4171,1,0
4172,0,1
4173,0,0
4174,0,1
4175,0,1
4176,1,0
4177,1,1
4178,1,1
4179,0,0
4180,0,1
4181,1,0
4182,1,1
4183,0,1
4184,0,1
4185,0,0
4186,1,1
4187,1,1
4188,1,1
4189,0,1
4190,0,1
4191,0,1
4192,1,1
4193,1,0
4194,0,1
4195,0,1
4196,0,0
4197,1,1
4198,0,0
4199,0,0
4200,1,1
4201,0,1
4202,1,0
4203,0,1
4204,0,0
4205,1,0
4206,1,0
4207,0,1
4208,1,0
4209,0,1
4210,0,0
4211,0,1
4212,0,0
4213,0,1
4214,1,0
4215,0,1
4216,0,1
4217,0,1
4218,0,1
4219,1,1
4220,1,1
4221,1,1
4222,1,1
4223,0,0
4224,0,1
4225,1,1
4226,0,0
4227,1,0
4228,0,1
4229,0,0
4230,0,1
4231,1,1
4232,1,0
4233,0,1
4234,1,1
4235,1,0
4236,0,0
4237,0,0
4238,1,1
4239,1,1
4240,0,1
4241,0,0
4242,1,0
4243,1,0
4244,0,0
4245,0,1
4246,0,1
4247,1,1
4248,0,0
4249,0,1
4250,0,0
4251,1,1
4252,1,0
4253,0,0
4254,1,0
4255,0,1
4256,1,0
4257,1,0
4258,1,1
4259,1,0
4260,0,0
4261,0,1
4262,1,1
4263,1,0
4264,1,0
4265,0,0
4266,1,0
4267,0,0
4268,1,0
4269,0,0
4270,0,0
4271,0,0
4272,1,0
4273,1,0
4274,0,1
4275,0,1
4276,1,1
4277,1,0
4278,1,0
4279,1,0
4280,0,1
4281,1,0
4282,1,0
4283,1,1
4284,0,0
4285,0,0
4286,0,1
4287,1,1
4288,1,1
4289,1,0
4290,1,1
4291,0,1
4292,1,0
4293,0,0
4294,1,1
4295,1,0
4296,1,0
4297,1,0
4298,1,1
4299,0,0
4300,0,1
4301,1,1
4302,0,1
4303,0,0
4304,0,0
4305,0,1
4306,0,1
4307,0,1
4308,1,1
4309,1,0
4310,1,0
4311,1,0
4312,0,0
4313,1,1
4314,0,1
4315,0,0
4316,0,0
4317,1,1
4318,0,0
4319,0,1
4320,1,1
4321,1,0
4322,0,1
4323,0,0
4324,0,1
4325,1,1
4326,0,0
4327,0,0
4328,1,1
4329,0,0
4330,0,0
4331,0,1
4332,1,0
4333,0,0
4334,1,1
4335,0,0
4336,0,1
4337,1,1
4338,1,1
4339,0,1
4340,0,1
4341,1,1
4342,1,1
4343,1,0
4344,0,1
4345,0,1
4346,1,1
4347,0,0
4348,0,0
4349,1,0
4350,0,1
4351,1,1
4352,0,1
4353,1,1
4354,1,0
4355,0,0
4356,0,0
4357,1,0
4358,1,0
4359,1,1
4360,0,0
4361,0,0
4362,1,1
4363,1,0
4364,0,1
4365,0,1
4366,0,0
4367,1,0
4368,0,1
4369,0,1
4370,0,0
4371,1,1
4372,0,1
4373,1,1
4374,1,1
4375,1,0
4376,1,1
4377,0,0
4378,1,0
4379,0,1
4380,0,0
4381,1,1
4382,0,1
4383,0,0
4384,0,1
4385,1,0
4386,0,0
4387,1,0
4388,0,1
4389,0,0
4390,0,1
4391,1,0
4392,1,1
4393,0,0
4394,1,1
4395,0,0
4396,0,1
4397,1,1
4398,0,1
4399,1,1
4400,0,1
4401,0,0
4402,0,0
4403,0,1
4404,1,0
4405,1,0
4406,0,1
4407,0,1
4408,1,1
4409,0,0
4410,0,0
4411,1,0
4412,1,1
4413,1,1
4414,1,1
4415,1,0
4416,0,1
4417,0,1
4418,0,0
4419,1,0
4420,1,1
4421,0,0
4422,1,0
4423,1,0
4424,0,1
4425,1,1
4426,0,1
4427,0,0
4428,0,1
4429,1,1
4430,0,1
4431,1,1
4432,1,0
4433,1,1
4434,1,1
4435,0,0
4436,0,0
4437,0,0
4438,0,1
4439,0,0
4440,1,0
4441,1,0
4442,1,1
4443,0,1
4444,0,1
4445,0,1
4446,0,0
4447,1,1
4448,1,0
4449,1,0
4450,0,0
4451,0,0
4452,0,0
4453,0,0
4454,1,0
4455,0,0
4456,0,0
4457,0,0
4458,0,1
4459,1,1
4460,0,0
4461,0,0
4462,0,0
4463,0,0
4464,1,0
4465,0,1
4466,1,1
4467,0,0
4468,0,1
4469,0,1
4470,1,0
4471,0,1
4472,0,1
4473,1,1
4474,1,1
4475,1,1
4476,1,0
4477,0,0
4478,1,1
4479,0,0
4480,0,1
4481,0,1
4482,1,0
4483,1,0
4484,1,0
4485,1,1
4486,0,0
4487,1,0
4488,0,1
4489,0,0
4490,1,1
4491,1,0
4492,1,1
4493,0,0
4494,0,0
4495,0,1
4496,1,0
4497,0,1
4498,0,1
4499,1,1
4500,1,1
4501,0,1
4502,1,0
4503,0,1
4504,0,1
4505,1,1
4506,0,1
4507,0,0
4508,0,0
4509,0,1
4510,1,1
4511,1,0
4512,0,0
4513,0,1
4514,1,0
4515,1,1
4516,1,1
4517,0,0
4518,1,1
4519,0,0
4520,1,1
4521,1,1
4522,0,1
4523,1,1
4524,1,1
4525,0,0
4526,1,1
4527,1,1
4528,1,1
4529,0,1
4530,0,0
4531,1,1
4532,0,1
4533,0,0
4534,1,1
4535,0,1
4536,0,1
4537,1,0
4538,1,1
4539,1,1
4540,1,1
4541,0,0
4542,1,0
4543,1,1
4544,0,0
4545,0,0
4546,0,0
4547,1,1
4548,0,0
4549,0,0
4550,0,0
4551,0,1
4552,1,1
4553,1,1
4554,1,0
4555,0,0
4556,1,1
4557,1,0
4558,0,1
4559,0,0
4560,1,1
4561,1,1
4562,0,0
4563,1,0
4564,0,0
4565,1,0
4566,0,0
4567,1,0
4568,0,1
4569,1,1
4570,0,0
4571,0,1
4572,1,0
4573,0,1
4574,1,0
4575,1,1
4576,1,0
4577,1,0
4578,1,1
4579,0,1
4580,0,1
4581,1,0
4582,1,0
4583,1,1
4584,0,0
4585,1,1
4586,0,0
4587,0,0
4588,1,0
4589,1,1
4590,0,0
4591,0,0
4592,0,0
4593,0,0
4594,1,0
4595,0,1
4596,0,0
4597,0,1
4598,1,0
4599,0,0
4600,1,1
4601,1,1
4602,0,1
4603,1,1
4604,1,1
4605,0,0
4606,1,0
4607,0,1
4608,1,0
4609,0,1
4610,1,1
4611,1,0
4612,0,0
4613,1,1
4614,0,0
4615,1,0
4616,0,1
4617,0,1
4618,1,1
4619,1,1
4620,0,0
4621,0,1
4622,1,0
4623,1,0
4624,1,0
4625,1,1
4626,1,0
4627,0,1
4628,1,0
4629,0,1
4630,1,0
4631,0,1
4632,0,0
4633,0,0
4634,1,0
4635,1,1
4636,0,1
4637,0,1
4638,1,1
4639,0,0
4640,0,1
4641,1,1
4642,1,0
4643,0,0
4644,0,1
4645,0,0
4646,1,0
4647,0,1
4648,0,1
4649,1,1
4650,0,1
4651,1,0
4652,1,0
4653,0,0
4654,0,1
4655,1,1
4656,0,1
4657,1,0
4658,1,1
4659,1,0
4660,1,0
4661,0,1
4662,0,0
4663,0,1
4664,0,1
4665,0,1
4666,1,0
4667,1,1
4668,1,1
4669,0,1
4670,1,1
4671,1,1
4672,0,0
4673,1,1
4674,1,1
4675,0,0
4676,1,1
4677,0,1
4678,0,1
4679,1,0
4680,0,0
4681,0,0
4682,0,0
4683,0,0
4684,0,0
4685,0,0
4686,0,0
4687,0,0
4688,0,0
4689,0,0
4690,0,0
4691,0,1
4692,1,0
4693,1,1
4694,1,1
4695,1,1
4696,0,0
4697,1,0
4698,1,0
4699,1,1
4700,0,0
4701,0,1
4702,0,1
4703,1,0
4704,1,1
4705,0,1
4706,1,1
4707,1,0
4708,1,0
4709,0,1
4710,1,1
4711,1,1
4712,1,0
4713,1,0
4714,1,0
4715,1,1
4716,0,1
4717,0,0
4718,0,0
4719,0,1
4720,1,1
4721,1,1
4722,1,0
4723,1,1
4724,0,1
4725,1,1
4726,1,1
4727,1,1
4728,1,1
4729,0,0
4730,1,0
4731,0,1
4732,1,0
4733,1,1
4734,0,1
4735,0,0
4736,1,1
4737,0,0
4738,1,0
4739,1,1
4740,0,0
4741,0,0
4742,1,0
4743,1,1
4744,0,0
4745,0,0
4746,0,1
4747,0,1
4748,0,1
4749,0,1
4750,1,1
4751,1,0
4752,0,0
4753,1,0
4754,0,1
4755,1,0
4756,1,1
4757,1,1
4758,1,0
4759,0,1
4760,0,1
4761,1,0
4762,0,1
4763,1,0
4764,0,0
4765,1,1
4766,0,1
4767,0,0
4768,0,0
4769,1,0
4770,0,0
4771,1,0
4772,0,0
4773,0,1
4774,1,1
4775,0,0
4776,1,0
4777,0,0
4778,0,1
4779,0,1
4780,1,1
4781,0,1
4782,0,0
4783,0,1
4784,0,0
4785,1,1
4786,1,1
4787,1,1
4788,0,0
4789,0,0
4790,1,0
4791,0,1
4792,0,1
4793,1,0
4794,1,0
4795,0,0
4796,0,0
4797,1,1
4798,1,1
4799,1,0
4800,1,1
4801,0,0
4802,1,0
4803,0,0
4804,1,0
4805,1,0
4806,0,0
4807,1,1
4808,1,0
4809,0,1
4810,1,0
4811,1,1
4812,0,1
4813,1,0
4814,0,1
4815,1,1
4816,1,0
4817,1,0
4818,1,1
4819,0,1
4820,1,1
4821,0,0
4822,0,0
4823,0,1
4824,0,0
4825,0,0
4826,1,1
4827,0,0
4828,0,1
4829,0,0
4830,1,0
4831,1,0
4832,0,0
4833,0,1
4834,0,1
4835,0,0
4836,1,1
4837,0,0
4838,0,1
4839,1,1
4840,0,1
4841,0,1
4842,0,1
4843,1,0
4844,0,0
4845,1,1
4846,1,1
4847,1,1
4848,0,1
4849,0,1
4850,1,1
4851,1,1
4852,0,0
4853,1,0
4854,1,1
4855,1,0
4856,0,0
4857,1,1
4858,1,0
4859,0,1
4860,0,1
4861,1,1
4862,1,0
4863,1,1
4864,1,1
4865,1,1
4866,0,0
4867,1,0
4868,1,1
4869,1,1
4870,0,1
4871,0,0
4872,1,1
4873,1,1
4874,1,1
4875,1,1
4876,0,0
4877,0,0
4878,1,1
4879,0,0
4880,0,0
4881,0,0
4882,0,0
4883,0,1
4884,0,1
4885,1,1
4886,1,0
4887,1,1
4888,0,0
4889,1,1
4890,0,1
4891,1,1
4892,0,1
4893,0,0
4894,1,0
4895,1,0
4896,0,1
4897,1,0
4898,0,0
4899,1,0
4900,0,1
4901,1,0
4902,0,0
4903,1,1
4904,1,0
4905,0,1
4906,0,1
4907,0,0
4908,1,1
4909,0,1
4910,0,0
4911,1,0
4912,0,0
4913,1,1
4914,0,0
4915,0,1
4916,0,0
4917,1,0
4918,0,1
4919,1,0
4920,0,0
4921,1,0
4922,1,1
4923,0,1
4924,1,0
4925,1,0
4926,0,1
4927,1,1
4928,1,1
4929,1,1
4930,0,1
4931,0,0
4932,0,0
4933,1,1
4934,0,1
4935,0,1
4936,1,0
4937,0,1
4938,1,1
4939,0,1
4940,1,1
4941,1,1
4942,1,0
4943,0,1
4944,1,1
4945,1,1
4946,1,0
4947,0,1
4948,0,0
4949,1,0
4950,0,1
4951,0,0
4952,1,1
4953,1,0
4954,1,1
4955,0,0
4956,1,1
4957,0,0
4958,1,1
4959,1,1
4960,0,1
4961,1,0
4962,1,0
4963,0,1
4964,1,0
4965,0,1
4966,1,1
4967,0,0
4968,1,0
4969,0,0
4970,0,1
4971,0,0
4972,0,0
4973,1,0
4974,1,1
4975,1,0
4976,0,1
4977,1,1
4978,1,1
4979,1,1
4980,0,1
4981,0,0
4982,1,0
4983,0,1
4984,0,1
4985,0,0
4986,1,0
4987,1,1
4988,0,0
4989,0,1
4990,0,1
4991,1,0
4992,1,1
4993,0,0
4994,1,0
4995,1,1
4996,1,0
4997,1,1
4998,0,1
4999,0,0
5000,1,1
5001,1,0
5002,1,0
5003,0,1
5004,0,1
5005,1,1
5006,0,0
5007,1,1
5008,0,1
5009,1,0
5010,1,1
5011,0,0
5012,0,1
5013,0,0
5014,1,0
5015,1,1
5016,1,1
5017,0,1
5018,1,0
5019,0,0
5020,1,1
5021,0,1
5022,1,0
5023,0,0
5024,0,1
5025,1,1
5026,0,1
5027,1,1
5028,1,0
5029,1,1
5030,0,1
5031,1,1
5032,1,1
5033,0,1
5034,0,0
5035,0,1
5036,1,0
5037,1,1
5038,0,1
5039,1,0
5040,0,1
5041,1,1
5042,1,0
5043,1,1
5044,1,1
5045,1,0
5046,0,1
5047,1,0
5048,0,1
5049,0,1
5050,1,0
5051,1,0
5052,0,1
5053,0,1
5054,0,1
5055,0,0
5056,0,1
5057,1,1
5058,0,0
5059,0,0
5060,0,1
5061,0,1
5062,1,0
5063,0,0
5064,1,1
5065,0,0
5066,1,0
5067,1,1
5068,1,0
5069,0,1
5070,0,1
5071,0,1
5072,0,1
5073,1,0
5074,1,1
5075,1,1
5076,0,0
5077,0,1
5078,1,0
5079,1,1
5080,0,1
5081,0,1
5082,0,0
5083,0,1
5084,1,1
5085,0,0
5086,1,1
5087,0,0
5088,1,0
5089,0,1
5090,1,1
5091,0,0
5092,1,0
5093,0,0
5094,0,1
5095,1,0
5096,1,1
5097,1,0
5098,1,1
5099,0,1
5100,0,0
5101,0,0
5102,0,0
5103,0,0
5104,1,1
5105,0,1
5106,1,0
5107,1,0
5108,1,1
5109,0,1
5110,1,0
5111,1,0
5112,1,1
5113,0,0
5114,0,0
5115,0,0
5116,0,0
5117,0,0
5118,0,1
5119,1,0
5120,0,0
5121,1,0
5122,1,1
5123,0,1
5124,1,1
5125,0,0
5126,0,1
5127,1,1
5128,1,1
5129,0,0
5130,1,1
5131,0,1
5132,0,1
5133,1,1
5134,1,1
5135,0,0
5136,0,1
5137,1,0
5138,0,0
5139,1,1
5140,1,0
5141,1,0
5142,1,1
5143,0,1
5144,0,0
5145,0,1
5146,1,1
5147,1,0
5148,0,0
5149,1,1
5150,1,0
5151,0,1
5152,0,1
5153,1,0
5154,1,0
5155,0,0
5156,1,1
5157,0,1
5158,0,0
5159,0,1
5160,0,1
5161,1,1
5162,0,0
5163,0,1
5164,0,1
5165,0,1
5166,1,0
5167,1,0
5168,1,0
5169,0,0
5170,0,1
5171,0,0
5172,1,1
5173,0,1
5174,1,1
5175,0,0
5176,1,0
5177,1,0
5178,1,0
5179,1,0
5180,0,0
5181,0,0
5182,0,0
5183,0,1
5184,0,1
5185,0,0
5186,0,1
5187,0,0
5188,1,0
5189,1,0
5190,1,1
5191,1,0
5192,1,1
5193,0,1
5194,1,1
5195,0,0
5196,0,1
5197,1,1
5198,1,0
5199,1,1
5200,0,1
5201,1,0
5202,1,1
5203,1,0
5204,1,0
5205,0,0
5206,0,0
5207,0,1
5208,1,0
5209,1,1
5210,1,0
5211,1,0
5212,0,0
5213,0,0
5214,1,0
5215,1,0
5216,0,0
5217,1,0
5218,1,0
5219,1,0
5220,0,0
5221,1,1
5222,1,0
5223,1,0
5224,0,0
5225,1,1
5226,0,1
5227,1,0
5228,0,0
5229,0,1
5230,0,0
5231,1,0
5232,0,0
5233,1,1
5234,0,0
5235,0,1
5236,1,0
5237,1,0
5238,0,1
5239,0,1
5240,1,1
5241,0,1
5242,1,1
5243,1,1
5244,0,0
5245,1,1
5246,1,1
5247,1,1
5248,0,1
5249,1,1
5250,0,1
5251,0,1
5252,0,0
5253,1,0
5254,0,1
5255,0,1
5256,0,0
5257,1,0
5258,0,0
5259,0,1
5260,0,0
5261,1,1
5262,0,1
5263,1,0
5264,0,0
5265,0,0
5266,1,1
5267,1,0
5268,1,0
5269,0,1
5270,0,0
5271,1,0
5272,1,1
5273,1,0
5274,0,0
5275,0,1
5276,0,1
5277,1,0
5278,0,1
5279,1,0
5280,0,0
5281,1,1
5282,0,1
5283,0,0
5284,1,0
5285,1,0
5286,1,1
5287,0,1
5288,1,0
5289,0,1
5290,0,0
5291,0,0
5292,0,1
5293,0,0
5294,1,1
5295,1,0
5296,1,1
5297,1,1
5298,0,1
5299,0,0
5300,0,1
5301,1,0
5302,1,1
5303,0,1
5304,0,0
5305,1,1
5306,0,0
5307,0,1
5308,0,1
5309,1,1
5310,0,1
5311,0,1
5312,0,0
5313,1,1
5314,1,0
5315,0,0
5316,0,0
5317,0,1
5318,0,0
5319,0,0
5320,1,0
5321,1,1
5322,1,1
5323,1,0
5324,0,1
5325,0,1
5326,0,1
5327,1,1
5328,0,0
5329,1,0
5330,0,0
5331,1,1
5332,1,1
5333,0,1
5334,0,0
5335,1,1
5336,1,1
5337,0,0
5338,1,1
5339,1,1
5340,1,0
5341,1,1
5342,0,1
5343,0,0
5344,1,0
5345,1,0
5346,1,1
5347,0,1
5348,1,0
5349,1,0
5350,0,1
5351,1,0
5352,1,1
5353,1,1
5354,0,1
5355,0,1
5356,1,1
5357,0,1
5358,1,1
5359,0,1
5360,0,1
5361,1,1
5362,0,0
5363,0,1
5364,0,0
5365,1,1
5366,1,0
5367,1,1
5368,1,1
5369,0,0
5370,0,0
5371,0,0
5372,1,0
5373,0,1
5374,1,1
5375,0,1
5376,1,1
5377,0,1
5378,1,1
5379,0,1
5380,0,1
5381,0,0
5382,1,1
5383,1,1
5384,0,0
5385,0,1
5386,1,1
5387,0,0
5388,1,0
5389,0,0
5390,1,0
5391,0,1
5392,0,0
5393,0,1
5394,0,0
5395,0,0
5396,1,0
5397,0,1
5398,0,1
5399,1,0
5400,0,0
5401,0,1
5402,0,1
5403,0,1
5404,1,1
5405,0,0
5406,1,0
5407,0,1
5408,1,1
5409,1,1
5410,1,0
5411,0,1
5412,0,1
5413,0,1
5414,0,0
5415,1,0
5416,0,0
5417,0,1
5418,1,1
5419,1,0
5420,1,1
5421,0,1
5422,1,0
5423,0,1
5424,0,0
5425,1,1
5426,1,1
5427,0,0
5428,1,1
5429,1,0
5430,0,1
5431,1,0
5432,1,0
5433,1,1
5434,1,0
5435,1,1
5436,1,1
5437,0,1
5438,1,1
5439,1,0
5440,0,0
5441,1,0
5442,0,0
5443,1,0
5444,0,0
5445,0,0
5446,0,1
5447,1,0
5448,1,0
5449,1,0
5450,0,1
5451,1,0
5452,1,1
5453,1,1
5454,0,1
5455,0,1
5456,0,1
5457,0,0
5458,0,0
5459,1,1
5460,1,0
5461,0,0
5462,1,0
5463,0,1
5464,0,0
5465,0,1
5466,0,0
5467,1,0
5468,1,0
5469,0,1
5470,0,1
5471,0,0
5472,1,0
5473,0,1
5474,0,0
5475,1,0
5476,1,1
5477,0,0
5478,1,1
5479,1,1
5480,1,1
5481,1,0
5482,0,1
5483,0,0
5484,1,1
5485,1,1
5486,1,0
5487,0,0
5488,0,1
5489,1,1
5490,0,1
5491,0,1
5492,1,0
5493,0,1
5494,0,1
5495,1,0
5496,1,0
5497,0,1
5498,1,0
5499,1,0
5500,0,1
5501,1,0
5502,1,1
5503,0,0
5504,1,0
5505,0,1
5506,1,0
5507,1,1
5508,1,1
5509,0,1
5510,1,0
5511,1,0
5512,0,1
5513,1,1
5514,1,0
5515,0,1
5516,1,0
5517,1,0
5518,1,1
5519,0,1
5520,0,1
5521,0,1
5522,1,0
5523,0,0
5524,0,0
5525,0,0
5526,0,1
5527,1,1
5528,0,1
5529,0,1
5530,0,0
5531,1,1
5532,1,1
5533,0,1
5534,1,0
5535,0,0
5536,1,0
5537,0,0
5538,1,1
5539,1,1
5540,0,1
5541,0,1
5542,1,1
5543,1,1
5544,1,0
5545,1,0
5546,1,0
5547,0,0
5548,0,0
5549,1,1
5550,0,1
5551,1,0
5552,0,1
5553,1,1
5554,1,0
5555,0,1
5556,0,0
5557,0,0
5558,0,0
5559,0,1
5560,0,0
5561,0,0
5562,1,0
5563,0,0
5564,0,1
5565,0,0
5566,1,1
5567,0,0
5568,0,0
5569,1,0
5570,0,1
5571,0,0
5572,1,1
5573,1,0
5574,0,1
5575,1,1
5576,0,1
5577,1,1
5578,1,0
5579,1,1
5580,0,1
5581,1,1
5582,1,0
5583,1,1
5584,0,0
5585,0,1
5586,0,1
5587,0,0
5588,1,0
5589,0,0
5590,0,0
5591,0,1
5592,0,1
5593,1,0
5594,0,1
5595,1,0
5596,0,0
5597,1,1
5598,0,0
5599,0,1
5600,0,0
5601,0,1
5602,1,0
5603,0,0
5604,0,0
5605,0,0
5606,1,1
5607,0,0
5608,0,0
5609,1,0
5610,0,0
5611,0,1
5612,1,1
5613,0,1
5614,0,0
5615,1,0
5616,0,1
5617,1,1
5618,0,0
5619,0,0
5620,1,0
5621,1,0
5622,0,0
5623,1,0
5624,1,0
5625,1,0
5626,1,1
5627,1,1
5628,1,1
5629,1,1
5630,0,0
5631,0,0
5632,0,0
5633,0,0
5634,0,0
5635,1,1
5636,0,1
5637,0,1
5638,1,1
5639,1,0
5640,0,0
5641,1,1
5642,1,0
5643,0,1
5644,0,0
5645,0,1
5646,0,0
5647,0,1
5648,1,1
5649,1,1
5650,0,1
5651,1,0
5652,1,0
5653,1,0
5654,0,0
5655,1,0
5656,1,0
5657,1,0
5658,1,1
5659,0,0
5660,0,0
5661,1,1
5662,0,0
5663,1,1
5664,1,1
5665,0,1
5666,0,1
5667,0,0
5668,1,1
5669,0,0
5670,0,0
5671,0,1
5672,1,0
5673,1,1
5674,0,0
5675,1,1
5676,1,0
5677,1,1
5678,0,1
5679,0,0
5680,0,1
5681,1,0
5682,1,1
5683,0,0
5684,0,0
5685,0,1
5686,1,1
5687,0,1
5688,0,1
5689,1,0
5690,1,1
5691,0,0
5692,1,1
5693,1,0
5694,1,0
5695,1,1
5696,0,1
5697,1,0
5698,1,0
5699,1,0
5700,0,0
5701,1,0
5702,1,1
5703,1,1
5704,0,1
5705,0,0
5706,1,0
5707,0,1
5708,0,1
5709,1,0
5710,1,0
5711,0,0
5712,0,0
5713,1,1
5714,0,0
5715,1,0
5716,0,1
5717,1,0
5718,0,0
5719,0,1
5720,0,0
5721,1,1
5722,0,1
5723,1,1
5724,1,0
5725,0,1
5726,1,0
5727,1,0
5728,1,1
5729,1,0
5730,0,0
5731,1,1
5732,1,1
5733,1,1
5734,0,0
5735,1,1
5736,0,1
5737,0,0
5738,1,0
5739,0,1
5740,0,1
5741,0,1
5742,0,0
5743,1,1
5744,0,1
5745,1,1
5746,1,1
5747,0,0
5748,1,1
5749,0,1
5750,1,0
5751,0,0
5752,0,1
5753,1,0
5754,0,0
5755,0,0
5756,1,1
5757,1,1
5758,0,0
5759,1,1
5760,0,1
5761,0,0
5762,1,1
5763,0,0
5764,1,1
5765,1,1
5766,1,0
5767,0,0
5768,1,1
5769,0,0
5770,0,0
5771,1,0
5772,0,0
5773,1,1
5774,1,1
5775,0,1
5776,0,1
5777,1,1
5778,1,0
5779,0,1
5780,0,1
5781,0,0
5782,0,0
5783,1,0
5784,1,1
5785,0,0
5786,0,1
5787,1,1
5788,0,0
5789,1,0
5790,1,1
5791,0,0
5792,1,1
5793,1,0
5794,1,0
5795,0,1
5796,0,0
5797,1,1
5798,1,0
5799,1,1
5800,1,1
5801,0,1
5802,0,1
5803,1,1
5804,1,0
5805,1,0
5806,1,0
5807,0,0
5808,1,0
5809,0,0
5810,0,0
5811,1,0
5812,0,0
5813,1,1
5814,1,1
5815,0,0
5816,1,1
5817,1,1
5818,0,0
5819,1,1
5820,1,0
5821,0,1
5822,1,1
5823,1,1
5824,0,1
5825,1,1
5826,0,1
5827,1,0
5828,0,1
5829,0,1
5830,1,1
5831,0,1
5832,1,1
5833,0,0
5834,0,1
5835,1,0
5836,1,0
5837,0,0
5838,1,0
5839,1,0
5840,0,1
5841,1,1
5842,0,1
5843,0,1
5844,1,1
5845,0,0
5846,0,1
5847,1,1
5848,1,0
5849,1,0
5850,1,1
5851,0,0
5852,1,1
5853,1,1
5854,1,1
5855,0,0
5856,1,1
5857,1,1
5858,1,1
5859,0,1
5860,1,1
5861,1,1
5862,1,1
5863,1,1
5864,1,0
5865,0,1
5866,1,1
5867,1,0
5868,1,1
5869,0,0
5870,0,1
5871,0,0
5872,1,0
5873,0,1
5874,0,0
5875,1,0
5876,0,1
5877,0,0
5878,0,1
5879,1,0
5880,1,0
5881,0,1
5882,0,1
5883,1,1
5884,1,0
5885,0,1
5886,0,0
5887,1,0
5888,1,1
5889,1,0
5890,1,1
5891,1,0
5892,0,1
5893,0,0
5894,0,1
5895,0,0
5896,0,0
5897,0,1
5898,1,0
5899,0,0
5900,0,0
5901,0,0
5902,0,0
5903,1,1
5904,0,0
5905,0,0
5906,1,1
5907,0,0
5908,1,0
5909,1,1
5910,1,0
5911,1,0
5912,0,0
5913,0,1
5914,0,1
5915,1,1
5916,0,1
5917,0,1
5918,0,1
5919,1,1
5920,0,0
5921,1,0
5922,1,1
5923,1,0
5924,1,1
5925,1,1
5926,1,0
5927,0,0
5928,0,0
5929,1,1
5930,1,1
5931,1,0
5932,0,0
5933,0,1
5934,1,1
5935,1,0
5936,0,0
5937,0,0
5938,1,1
5939,1,0
5940,0,1
5941,0,0
5942,1,1
5943,0,0
5944,0,1
5945,1,1
5946,1,1
5947,1,1
5948,0,0
5949,1,1
5950,1,1
5951,0,0
5952,1,0
5953,1,0
5954,1,0
5955,0,0
5956,1,0
5957,0,1
5958,1,0
5959,0,1
5960,1,0
5961,0,0
5962,0,0
5963,0,1
5964,1,1
5965,0,0
5966,1,1
5967,0,0
5968,1,1
5969,0,0
5970,1,1
5971,1,0
5972,0,1
5973,0,0
5974,0,0
5975,0,1
5976,1,1
5977,1,1
5978,0,0
5979,1,1
5980,1,1
5981,0,1
5982,1,1
5983,0,0
5984,1,0
5985,1,0
5986,1,1
5987,0,0
5988,1,1
5989,1,0
5990,1,1
5991,0,0
5992,0,0
5993,1,1
5994,0,1
5995,0,0
5996,0,1
5997,0,0
5998,0,1
5999,0,1
6000,1,1
6001,0,1
6002,1,1
6003,1,0
6004,1,1
6005,0,0
6006,1,0
6007,0,1
6008,0,1
6009,0,0
6010,0,0
6011,1,1
6012,0,1
6013,1,0
6014,0,0
6015,0,0
6016,1,0
6017,0,1
6018,0,1
6019,1,1
6020,0,0
6021,0,0
6022,0,1
6023,0,1
6024,1,1
6025,1,0
6026,0,0
6027,1,0
6028,1,1
6029,0,1
6030,0,0
6031,0,0
6032,0,1
6033,1,0
6034,0,0
6035,1,0
6036,0,0
6037,0,1
6038,1,0
6039,1,1
6040,1,1
6041,1,0
6042,1,0
6043,1,1
6044,0,0
6045,0,0
6046,1,0
6047,0,1
6048,1,0
6049,0,0
6050,0,0
6051,1,1
6052,0,1
6053,0,0
6054,0,1
6055,0,1
6056,1,0
6057,0,0
6058,0,1
6059,1,1
6060,0,0
6061,1,0
6062,1,0
6063,0,0
6064,1,0
6065,1,1
6066,1,1
6067,0,1
6068,1,0
6069,0,0
6070,1,0
6071,1,1
6072,0,1
6073,1,1
6074,0,0
6075,1,0
6076,0,0
6077,0,1
6078,0,0
6079,0,1
6080,1,0
6081,0,0
6082,0,0
6083,0,1
6084,1,0
6085,0,1
6086,1,1
6087,1,1
6088,0,1
6089,0,1
6090,0,1
6091,1,0
6092,0,1
6093,1,1
6094,0,0
6095,1,1
6096,0,1
6097,1,1
6098,0,0
6099,1,1
6100,0,1
6101,1,0
6102,1,1
6103,0,1
6104,0,1
6105,0,0
6106,1,1
6107,1,1
6108,1,0
6109,0,1
6110,1,1
6111,1,0
6112,0,0
6113,0,1
6114,1,0
6115,1,0
6116,1,1
6117,1,0
6118,0,0
6119,1,1
6120,1,0
6121,1,0
6122,0,0
6123,0,1
6124,0,0
6125,0,0
6126,0,1
6127,1,0
6128,1,1
6129,0,1
6130,0,1
6131,0,0
6132,0,1
6133,0,0
6134,0,1
6135,1,0
6136,0,1
6137,0,1
6138,0,0
6139,0,1
6140,0,1
6141,1,1
6142,1,1
6143,0,0
6144,0,1
6145,1,0
6146,1,1
6147,0,0
6148,1,0
6149,0,1
6150,0,0
6151,1,1
6152,1,0
6153,1,1
6154,1,1
6155,1,0
6156,0,1
6157,0,1
6158,1,1
6159,0,0
6160,1,1
6161,1,0
6162,0,0
6163,0,1
6164,0,0
6165,1,1
6166,0,1
6167,0,0
6168,1,1
6169,1,0
6170,0,0
6171,0,1
6172,0,1
6173,0,0
6174,0,0
6175,0,0
6176,1,1
6177,0,0
6178,0,0
6179,0,0
6180,0,1
6181,0,0
6182,0,1
6183,0,1
6184,0,1
6185,1,0
6186,0,0
6187,1,1
6188,1,0
6189,0,0
6190,1,0
6191,1,0
6192,0,1
6193,0,1
6194,0,0
6195,0,1
6196,0,0
6197,0,0
6198,0,0
6199,1,1
6200,1,0
6201,0,0
6202,0,1
6203,0,1
6204,1,1
6205,1,1
6206,0,1
6207,0,1
6208,0,1
6209,0,0
6210,1,0
6211,1,0
6212,1,0
6213,1,0
6214,1,0
6215,1,0
6216,0,1
6217,0,0
6218,1,1
6219,1,1
6220,0,1
6221,1,1
6222,1,1
6223,0,1
6224,0,1
6225,0,0
6226,1,1
6227,0,0
6228,1,1
6229,1,0
6230,1,1
6231,1,0
6232,1,0
6233,1,0
6234,1,1
6235,0,1
6236,1,0
6237,1,0
6238,1,1
6239,1,0
6240,0,0
6241,0,0
6242,0,0
6243,0,1
6244,1,1
6245,0,1
6246,1,1
6247,1,0
6248,0,1
6249,1,1
6250,1,0
6251,0,1
6252,0,1
6253,1,1
6254,0,1
6255,0,0
6256,0,1
6257,0,1
6258,1,1
6259,0,1
6260,1,1
6261,1,1
6262,1,1
6263,0,0
6264,1,0
6265,1,0
6266,1,1
6267,1,1
6268,0,1
6269,1,1
6270,0,1
6271,1,0
6272,0,1
6273,0,0
6274,0,1
6275,0,0
6276,0,1
6277,0,0
6278,1,1
6279,0,0
6280,1,0
6281,0,0
6282,0,1
6283,1,1
6284,0,0
6285,0,1
6286,0,0
6287,1,1
6288,1,1
6289,0,0
6290,1,0
6291,1,1
6292,1,0
6293,1,0
6294,1,1
6295,1,0
6296,0,1
6297,0,0
6298,1,1
6299,0,0
6300,0,0
6301,0,0
6302,1,0
6303,1,0
6304,1,0
6305,1,0
6306,1,1
6307,0,1
6308,1,0
6309,0,1
6310,0,1
6311,0,1
6312,1,0
6313,0,0
6314,0,1
6315,1,0
6316,0,1
6317,0,1
6318,0,0
6319,1,0
6320,1,1
6321,1,1
6322,0,0
6323,0,0
6324,0,0
6325,1,1
6326,0,0
6327,0,0
6328,1,1
6329,1,1
6330,0,1
6331,1,0
6332,1,1
6333,1,0
6334,1,1
6335,0,1
6336,1,1
6337,0,1
6338,1,1
6339,1,0
6340,0,0
6341,1,1
6342,1,0
6343,1,1
6344,0,0
6345,0,0
6346,1,0
6347,0,1
6348,0,0
6349,0,1
6350,1,1
6351,0,1
6352,1,1
6353,0,1
6354,1,1
6355,0,0
6356,1,0
6357,0,1
6358,0,1
6359,1,1
6360,1,1
6361,1,1
6362,1,0
6363,1,1
6364,0,1
6365,1,1
6366,0,0
6367,1,0
6368,1,1
6369,0,0
6370,0,1
6371,1,1
6372,0,1
6373,0,1
6374,0,0
6375,1,1
6376,1,1
6377,0,0
6378,0,0
6379,1,1
6380,0,0
6381,0,0
6382,1,1
6383,1,1
6384,1,0
6385,0,0
6386,0,0
6387,0,1
6388,0,0
6389,1,1
6390,0,0
6391,1,0
6392,0,0
6393,0,1
6394,0,0
6395,0,0
6396,0,1
6397,1,0
6398,1,1
6399,0,1
6400,0,1
6401,1,0
6402,0,0
6403,1,0
6404,1,1
6405,1,1
6406,0,0
6407,1,1
6408,0,0
6409,0,1
6410,0,1
6411,1,0
6412,1,0
6413,0,1
6414,1,1
6415,1,1
6416,0,0
6417,1,0
6418,0,0
6419,0,1
6420,0,1
6421,0,1
6422,1,0
6423,1,0
6424,0,1
6425,0,0
6426,1,1
6427,0,0
6428,0,0
6429,1,0
6430,0,0
6431,0,0
6432,0,1
6433,1,0
6434,0,1
6435,1,1
6436,0,0
6437,0,1
6438,1,1
6439,0,1
6440,1,1
6441,0,0
6442,0,1
6443,1,0
6444,1,0
6445,1,0
6446,1,0
6447,1,0
6448,1,1
6449,1,0
6450,1,1
6451,0,0
6452,0,1
6453,1,0
6454,1,0
6455,0,0
6456,1,0
6457,0,0
6458,0,1
6459,1,0
6460,1,0
6461,0,0
6462,0,0
6463,1,0
6464,0,0
6465,1,0
6466,0,0
6467,0,1
6468,0,1
6469,1,1
6470,1,0
6471,0,0
6472,0,1
6473,0,0
6474,0,1
6475,1,0
6476,1,1
6477,0,1
6478,1,1
6479,1,1
6480,1,0
6481,1,0
6482,0,0
6483,1,1
6484,1,1
6485,0,0
6486,0,1
6487,0,0
6488,1,1
6489,1,0
6490,0,0
6491,0,1
6492,0,0
6493,1,1
6494,1,1
6495,0,0
6496,0,1
6497,1,0
6498,0,1
6499,1,0
6500,0,1
6501,0,0
6502,1,0
6503,0,1
6504,0,0
6505,1,1
6506,1,0
6507,0,1
6508,0,1
6509,1,0
6510,0,1
6511,0,1
6512,1,1
6513,0,0
6514,1,0
6515,1,1
6516,1,0
6517,1,0
6518,0,1
6519,1,1
6520,0,1
6521,0,1
6522,0,0
6523,1,1
6524,1,1
6525,0,1
6526,0,1
6527,0,0
6528,0,0
6529,1,1
6530,0,0
6531,1,0
6532,0,0
6533,0,1
6534,0,0
6535,0,0
6536,0,1
6537,0,1
6538,0,1
6539,1,0
6540,0,1
6541,0,1
6542,1,1
6543,1,0
6544,1,0
6545,1,1
6546,1,0
6547,1,1
6548,0,1
6549,0,0
6550,0,0
6551,1,0
6552,0,1
6553,0,1
6554,0,1
6555,0,1
6556,1,1
6557,1,1
6558,1,0
6559,1,0
6560,0,1
6561,0,0
6562,1,0
6563,1,0
6564,1,1
6565,0,0
6566,0,1
6567,0,1
6568,1,0
6569,1,0
6570,1,0
6571,1,0
6572,1,0
6573,1,0
6574,1,0
6575,1,1
6576,0,0
6577,1,0
6578,0,1
6579,0,0
6580,1,1
6581,0,1
6582,0,1
6583,0,0
6584,0,0
6585,0,1
6586,0,1
6587,1,1
6588,1,0
6589,1,1
6590,1,0
6591,1,1
6592,0,1
6593,0,1
6594,1,0
6595,0,0
6596,0,0
6597,0,1
6598,0,1
6599,1,0
6600,0,1
6601,1,1
6602,1,1
6603,1,1
6604,0,0
6605,0,1
6606,0,0
6607,0,0
6608,0,1
6609,0,1
6610,1,1
6611,1,0
6612,1,1
6613,1,1
6614,0,1
6615,0,1
6616,1,0
6617,1,0
6618,1,1
6619,0,0
6620,0,1
6621,1,1
6622,1,0
6623,1,1
6624,0,0
6625,0,0
6626,0,0
6627,1,0
6628,1,0
6629,1,0
6630,0,0
6631,1,1
6632,0,0
6633,1,1
6634,1,1
6635,1,0
6636,0,1
6637,1,0
6638,0,1
6639,0,0
6640,1,0
6641,0,0
6642,0,1
6643,0,0
6644,0,1
6645,0,0
6646,1,1
6647,0,1
6648,1,0
6649,0,1
6650,1,1
6651,0,0
6652,0,0
6653,1,1
6654,0,0
6655,0,1
6656,1,1
6657,1,1
6658,0,1
6659,0,1
6660,0,1
6661,1,1
6662,1,1
6663,1,0
6664,0,0
6665,0,1
6666,0,0
6667,0,0
6668,0,0
6669,0,0
6670,0,1
6671,1,1
6672,1,0
6673,0,1
6674,0,0
6675,1,1
6676,1,1
6677,1,0
6678,0,0
6679,0,0
6680,1,0
6681,1,0
6682,1,1
6683,1,1
6684,0,1
6685,1,1
6686,1,1
6687,1,1
6688,0,0
6689,1,0
6690,1,1
6691,1,1
6692,0,0
6693,0,1
6694,0,1
6695,1,1
6696,0,0
6697,0,1
6698,0,1
6699,0,0
6700,0,0
6701,0,1
6702,1,0
6703,1,0
6704,0,1
6705,1,0
6706,1,0
6707,1,1
6708,1,1
6709,0,1
6710,1,1
6711,0,0
6712,1,1
6713,1,1
6714,1,1
6715,0,0
6716,1,1
6717,0,1
6718,1,0
6719,0,1
6720,0,1
6721,0,0
6722,1,0
6723,0,1
6724,1,0
6725,1,0
6726,0,1
6727,1,0
6728,1,1
6729,0,1
6730,1,0
6731,1,1
6732,1,0
6733,0,0
6734,1,0
6735,1,1
6736,1,0
6737,0,1
6738,1,0
6739,1,0
6740,0,1
6741,1,1
6742,0,0
6743,1,0
6744,1,1
6745,0,0
6746,0,0
6747,0,1
6748,0,1
6749,1,0
6750,0,0
6751,1,0
6752,0,1
6753,1,0
6754,0,0
6755,0,0
6756,0,1
6757,0,0
6758,0,1
6759,0,0
6760,1,1
6761,0,0
6762,1,1
6763,0,0
6764,1,0
6765,0,0
6766,1,1
6767,1,1
6768,0,0
6769,1,1
6770,0,1
6771,0,0
6772,1,1
6773,0,1
6774,1,0
6775,1,0
6776,1,1
6777,0,0
6778,1,0
6779,0,1
6780,0,1
6781,1,1
6782,0,1
6783,1,1
6784,1,0
6785,0,1
6786,1,0
6787,0,1
6788,0,1
6789,0,0
6790,1,1
6791,0,1
6792,1,1
6793,0,0
6794,0,0
6795,0,1
6796,1,1
6797,1,0
6798,1,1
6799,1,1
6800,1,0
6801,1,1
6802,0,1
6803,0,0
6804,1,1
6805,1,1
6806,0,0
6807,0,0
6808,0,1
6809,1,1
6810,0,1
6811,1,0
6812,0,0
6813,1,0
6814,0,0
6815,0,1
6816,0,0
6817,0,0
6818,0,1
6819,0,0
6820,0,1
6821,0,0
6822,0,0
6823,1,0
6824,0,1
6825,0,1
6826,0,1
6827,1,1
6828,0,0
6829,0,0
6830,1,0
6831,0,1
6832,0,1
6833,1,1
6834,1,1
6835,0,1
6836,0,1
6837,1,0
6838,1,1
6839,0,0
6840,1,1
6841,1,1
6842,0,1
6843,1,1
6844,1,1
6845,0,0
6846,0,0
6847,0,1
6848,1,0
6849,1,1
6850,0,0
6851,1,1
6852,1,0
6853,0,0
6854,1,0
6855,0,1
6856,1,0
6857,1,0
6858,0,0
6859,1,1
6860,0,1
6861,0,0
6862,0,1
6863,1,0
6864,0,1
6865,1,0
6866,1,1
6867,1,0
6868,1,1
6869,0,1
6870,0,1
6871,1,0
6872,1,1
6873,0,0
6874,1,1
6875,0,0
6876,1,0
6877,0,0
6878,0,1
6879,1,0
6880,1,1
6881,0,1
6882,0,0
6883,0,0
6884,1,1
6885,1,0
6886,0,1
6887,0,1
6888,0,1
6889,1,0
6890,1,1
6891,0,0
6892,0,1
6893,0,0
6894,0,0
6895,1,1
6896,1,1
6897,1,0
6898,0,0
6899,0,1
6900,0,1
6901,0,0
6902,0,1
6903,0,0
6904,0,1
6905,0,0
6906,1,0
6907,0,0
6908,1,0
6909,1,0
6910,1,0
6911,1,0
6912,1,0
6913,0,0
6914,0,0
6915,0,0
6916,1,1
6917,0,0
6918,0,1
6919,1,0
6920,1,1
6921,1,1
6922,0,0
6923,0,1
6924,1,0
6925,0,1
6926,0,0
6927,1,0
6928,0,0
6929,0,1
6930,1,0
6931,1,1
6932,0,0
6933,1,0
6934,1,0
6935,1,1
6936,1,0
6937,1,0
6938,1,1
6939,1,0
6940,0,1
6941,0,0
6942,1,0
6943,0,0
6944,1,1
6945,1,1
6946,1,0
6947,0,1
6948,0,0
6949,1,0
6950,1,0
6951,1,0
6952,0,1
6953,1,1
6954,0,1
6955,0,0
6956,1,0
6957,0,1
6958,0,1
6959,1,1
6960,0,0
6961,0,0
6962,1,1
6963,1,1
6964,1,1
6965,1,0
6966,0,1
6967,0,1
6968,0,1
6969,1,0
6970,1,0
6971,1,1
6972,0,0
6973,1,1
6974,1,0
6975,1,1
6976,0,1
6977,1,0
6978,0,1
6979,1,1
6980,1,0
6981,1,0
6982,1,0
6983,0,0
6984,0,0
6985,0,1
6986,0,1
6987,1,1
6988,1,0
6989,1,0
6990,0,0
6991,1,0
6992,1,0
6993,1,0
6994,0,0
6995,1,0
6996,0,1
6997,1,1
6998,1,1
6999,0,0
7000,0,0
7001,0,0
7002,1,0
7003,1,0
7004,1,0
7005,0,1
7006,1,0
7007,1,1
7008,0,1
7009,0,1
7010,0,0
7011,1,1
7012,0,1
7013,0,1
7014,0,1
7015,0,0
7016,1,1
7017,0,1
7018,1,0
7019,0,0
7020,0,1
7021,1,0
7022,0,1
7023,0,1
7024,1,0
7025,1,0
7026,0,0
7027,0,0
7028,0,1
7029,0,1
7030,1,1
7031,1,0
7032,0,0
7033,1,1
7034,1,1
7035,0,0
7036,1,0
7037,1,1
7038,0,1
7039,1,0
7040,0,1
7041,0,0
7042,1,0
7043,1,0
7044,0,0
7045,0,0
7046,0,0
7047,0,1
7048,1,1
7049,1,0
7050,1,0
7051,0,0
7052,0,1
7053,0,0
7054,1,1
7055,1,1
7056,0,0
7057,0,1
7058,0,1
7059,0,1
7060,0,1
7061,0,1
7062,0,1
7063,0,1
7064,0,0
7065,1,1
7066,0,0
7067,0,0
7068,1,0
7069,0,1
7070,0,0
7071,0,0
7072,1,0
7073,0,1
7074,1,0
7075,1,0
7076,0,0
7077,0,1
7078,0,0
7079,1,1
7080,1,1
7081,1,0
7082,0,1
7083,0,0
7084,1,1
7085,0,1
7086,1,1
7087,0,0
7088,0,1
7089,0,0
7090,0,0
7091,0,0
7092,1,1
7093,0,1
7094,1,1
7095,0,1
7096,0,1
7097,1,1
7098,1,1
7099,1,0
7100,0,0
7101,0,0
7102,1,0
7103,0,1
7104,0,1
7105,1,1
7106,1,0
7107,0,1
7108,1,0
7109,1,0
7110,0,1
7111,1,0
7112,1,0
7113,1,0
7114,1,1
7115,1,0
7116,0,1
7117,1,0
7118,1,1
7119,1,0
7120,1,1
7121,0,0
7122,0,1
7123,1,1
7124,1,1
7125,0,0
7126,1,1
7127,0,0
7128,0,0
7129,1,0
7130,1,1
7131,0,0
7132,0,0
7133,1,1
7134,1,0
7135,0,0
7136,1,0
7137,0,0
7138,0,1
7139,1,0
7140,1,0
7141,0,0
7142,0,1
7143,1,0
7144,0,0
7145,0,1
7146,1,1
7147,1,1
7148,0,1
7149,1,0
7150,1,1
7151,1,1
7152,0,0
7153,1,0
7154,0,1
7155,0,1
7156,1,0
7157,1,0
7158,0,0
7159,0,1
7160,0,1
7161,1,1
7162,0,0
7163,1,1
7164,1,0
7165,1,1
7166,0,0
7167,1,0
7168,0,0
7169,1,1
7170,1,0
7171,0,0
7172,1,1
7173,1,1
7174,1,0
7175,1,1
7176,1,1
7177,0,0
7178,1,0
7179,0,1
7180,0,0
7181,1,1
7182,1,0
7183,1,0
7184,1,0
7185,0,1
7186,1,1
7187,1,0
7188,1,1
7189,1,1
7190,1,0
7191,1,0
7192,0,0
7193,1,0
7194,0,0
7195,1,1
7196,1,1
7197,1,1
7198,1,1
7199,0,0
7200,1,0
7201,0,0
7202,0,0
7203,0,0
7204,0,1
7205,0,1
7206,1,0
7207,0,0
7208,1,0
7209,0,0
7210,0,0
7211,1,0
7212,1,0
7213,0,1
7214,1,0
7215,0,1
7216,1,1
7217,0,1
7218,0,0
7219,0,0
7220,0,1
7221,0,0
7222,0,0
7223,0,0
7224,0,0
7225,0,1
7226,0,0
7227,1,1
7228,1,1
7229,0,1
7230,0,0
7231,1,1
7232,0,1
7233,1,0
7234,1,0
7235,0,0
7236,0,1
7237,0,1
7238,0,0
7239,1,0
7240,1,0
7241,1,1
7242,1,1
7243,0,0
7244,1,1
7245,1,0
7246,1,0
7247,0,1
7248,1,1
7249,1,0
7250,1,1
7251,1,0
7252,0,0
7253,0,1
7254,1,0
7255,1,1
7256,1,1
7257,0,0
7258,1,0
7259,1,0
7260,1,0
7261,1,0
7262,0,0
7263,0,1
7264,1,1
7265,0,1
7266,1,1
7267,0,0
7268,0,0
7269,0,0
7270,1,0
7271,1,1
7272,1,0
7273,0,0
7274,1,1
7275,1,1
7276,0,0
7277,0,1
7278,0,0
7279,0,1
7280,1,1
7281,1,1
7282,0,0
7283,0,1
7284,1,0
7285,1,0
7286,1,0
7287,1,1
7288,0,0
7289,0,1
7290,0,0
7291,0,1
7292,1,1
7293,0,1
7294,1,1
7295,0,1
7296,0,0
7297,0,1
7298,0,0
7299,0,0
7300,1,1
7301,0,0
7302,0,0
7303,0,0
7304,0,0
7305,1,0
7306,1,1
7307,1,0
7308,0,0
7309,0,1
7310,0,1
7311,1,0
7312,1,1
7313,1,0
7314,0,0
7315,1,0
7316,0,0
7317,0,0
7318,1,0
7319,1,1
7320,0,0
7321,0,0
7322,1,0
7323,1,1
7324,0,0
7325,1,1
7326,0,0
7327,0,1
7328,0,0
7329,0,1
7330,1,1
7331,0,0
7332,1,1
7333,0,1
7334,0,1
7335,0,1
7336,1,0
7337,0,0
7338,1,1
7339,0,1
7340,1,0
7341,1,1
7342,1,1
7343,0,1
7344,1,1
7345,0,1
7346,1,1
7347,0,0
7348,1,0
7349,0,0
7350,1,0
7351,0,0
7352,1,1
7353,0,0
7354,1,1
7355,0,0
7356,1,1
7357,0,1
7358,0,0
7359,0,0
7360,1,1
7361,0,1
7362,1,1
7363,0,0
7364,1,0
7365,0,1
7366,0,0
7367,1,0
7368,0,0
7369,0,1
7370,0,0
7371,1,1
7372,1,0
7373,1,1
7374,1,0
7375,1,0
7376,0,1
7377,0,1
7378,1,1
7379,1,0
7380,1,1
7381,0,0
7382,1,1
7383,0,0
7384,0,1
7385,0,0
7386,1,0
7387,0,1
7388,0,0
7389,1,0
7390,0,0
7391,0,0
7392,1,0
7393,0,0
7394,1,0
7395,0,1
7396,1,1
7397,0,1
7398,1,1
7399,0,0
7400,1,0
7401,1,0
7402,0,0
7403,0,1
7404,1,0
7405,1,0
7406,1,1
7407,1,1
7408,1,0
7409,1,0
7410,1,0
7411,0,1
7412,1,1
7413,0,0
7414,1,0
7415,0,0
7416,0,0
7417,1,1
7418,0,1
7419,0,1
7420,0,0
7421,1,1
7422,1,1
7423,0,1
7424,0,0
7425,1,1
7426,1,0
7427,1,0
7428,1,1
7429,0,0
7430,0,1
7431,1,0
7432,0,1
7433,1,0
7434,0,1
7435,1,0
7436,0,1
7437,0,0
7438,0,0
7439,0,0
7440,1,0
7441,0,0
7442,1,0
7443,1,1
7444,1,0
7445,1,0
7446,0,1
7447,0,1
7448,1,1
7449,0,1
7450,0,1
7451,0,1
7452,0,0
7453,1,0
7454,0,1
7455,0,0
7456,1,0
7457,1,1
7458,0,0
7459,1,1
7460,0,0
7461,1,1
7462,1,1
7463,0,1
7464,1,0
7465,1,0
7466,1,0
7467,1,1
7468,1,0
7469,0,1
7470,0,0
7471,0,0
7472,1,0
7473,1,0
7474,0,1
7475,0,1
7476,0,0
7477,0,1
7478,0,0
7479,0,1
7480,0,0
7481,1,1
7482,1,0
7483,1,1
7484,1,1
7485,0,1
7486,1,1
7487,0,0
7488,1,0
7489,0,0
7490,1,1
7491,0,1
7492,1,1
7493,1,0
7494,1,0
7495,0,1
7496,1,1
7497,0,0
7498,0,1
7499,1,1
7500,0,1
7501,1,1
7502,1,1
7503,1,0
7504,0,1
7505,1,1
7506,1,1
7507,0,0
7508,1,1
7509,0,0
7510,0,1
7511,1,0
7512,1,0
7513,1,1
7514,0,0
7515,1,0
7516,1,0
7517,1,1
7518,1,1
7519,0,0
7520,0,0
7521,1,0
7522,0,1
7523,1,0
7524,0,0
7525,0,1
7526,0,0
7527,1,1
7528,0,0
7529,0,1
7530,1,0
7531,0,1
7532,0,1
7533,1,0
7534,0,1
7535,1,1
7536,0,0
7537,0,1
7538,0,1
7539,1,0
7540,0,0
7541,0,0
7542,1,1
7543,1,0
7544,0,0
7545,1,0
7546,0,0
7547,0,0
7548,1,0
7549,1,1
7550,0,1
7551,1,0
7552,0,1
7553,0,0
7554,0,1
7555,1,1
7556,0,1
7557,1,1
7558,0,0
7559,1,0
7560,1,0
7561,1,1
7562,0,1
7563,0,0
7564,1,1
7565,0,1
7566,0,1
7567,0,1
7568,0,1
7569,1,1
7570,0,0
7571,1,1
7572,0,1
7573,0,0
7574,1,0
7575,0,1
7576,1,1
7577,1,1
7578,1,0
7579,1,0
7580,0,1
7581,0,1
7582,1,0
7583,0,1
7584,0,1
7585,0,1
7586,0,0
7587,1,1
7588,1,0
7589,1,1
7590,0,0
7591,1,1
7592,0,1
7593,1,1
7594,0,1
7595,0,0
7596,0,1
7597,1,1
7598,1,1
7599,0,1
7600,0,1
7601,1,0
7602,1,0
7603,1,1
7604,0,1
7605,1,0
7606,1,1
7607,1,0
7608,0,0
7609,1,1
7610,0,1
7611,0,1
7612,0,1
7613,1,1
7614,0,0
7615,1,1
7616,1,0
7617,1,0
7618,0,1
7619,1,0
7620,0,1
7621,1,0
7622,0,1
7623,0,1
7624,1,0
7625,0,0
7626,0,0
7627,1,1
7628,0,0
7629,0,1
7630,1,1
7631,1,1
7632,0,0
7633,0,0
7634,1,1
7635,1,0
7636,1,1
7637,0,1
7638,0,1
7639,1,0
7640,0,1
7641,0,0
7642,1,0
7643,1,1
7644,0,0
7645,0,1
7646,1,1
7647,1,0
7648,1,1
7649,0,0
7650,1,0
7651,0,1
7652,1,1
7653,1,0
7654,0,1
7655,1,1
7656,1,0
7657,1,0
7658,0,0
7659,1,0
7660,0,1
7661,1,0
7662,1,0
7663,1,1
7664,0,0
7665,1,0
7666,1,1
7667,1,1
7668,1,1
7669,1,1
7670,1,1
7671,0,0
7672,0,1
7673,1,1
7674,0,0
7675,0,1
7676,0,0
7677,1,1
7678,0,1
7679,0,0
7680,0,0
7681,0,0
7682,1,0
7683,1,0
7684,0,1
7685,1,1
7686,1,0
7687,1,1
7688,0,0
7689,0,0
7690,0,0
7691,0,1
7692,0,1
7693,0,0
7694,1,1
7695,0,1
7696,1,0
7697,0,1
7698,1,0
7699,1,0
7700,1,1
7701,0,1
7702,1,1
7703,1,1
7704,0,0
7705,1,0
7706,1,0
7707,0,0
7708,0,1
7709,1,1
7710,1,1
7711,0,1
7712,0,0
7713,0,0
7714,1,1
7715,1,1
7716,0,1
7717,1,0
7718,1,0
7719,0,0
7720,0,0
7721,1,0
7722,1,1
7723,1,0
7724,1,1
7725,1,1
7726,1,0
7727,1,0
7728,1,0
7729,0,1
7730,1,0
7731,0,1
7732,0,0
7733,0,0
7734,0,1
7735,0,1
7736,1,1
7737,1,0
7738,0,1
7739,1,0
7740,0,1
7741,0,1
7742,0,0
7743,0,0
7744,1,1
7745,1,0
7746,1,1
7747,1,1
7748,0,0
7749,0,1
7750,0,1
7751,1,0
7752,0,1
7753,1,1
7754,0,1
7755,1,0
7756,0,1
7757,1,1
7758,0,0
7759,1,0
7760,1,0
7761,1,0
7762,0,0
7763,0,1
7764,1,0
7765,0,0
7766,0,1
7767,0,0
7768,1,0
7769,1,1
7770,0,0
7771,1,0
7772,0,0
7773,0,0
7774,0,0
7775,0,1
7776,1,1
7777,0,0
7778,1,0
7779,1,0
7780,0,1
7781,0,0
7782,1,1
7783,0,0
7784,0,0
7785,0,0
7786,0,0
7787,1,1
7788,0,0
7789,1,1
7790,1,1
7791,0,1
7792,1,1
7793,0,0
7794,0,1
7795,1,1
7796,0,1
7797,0,0
7798,1,0
7799,0,1
7800,1,0
7801,1,0
7802,0,0
7803,0,1
7804,1,1
7805,0,0
7806,0,0
7807,0,0
7808,1,1
7809,1,1
7810,1,1
7811,0,0
7812,1,1
7813,1,1
7814,1,1
7815,1,0
7816,1,0
7817,0,0
7818,0,0
7819,0,1
7820,1,0
7821,1,0
7822,0,0
7823,0,0
7824,0,0
7825,1,0
7826,1,0
7827,1,1
7828,1,1
7829,0,0
7830,1,0
7831,0,0
7832,0,1
7833,1,0
7834,1,0
7835,0,0
7836,1,0
7837,1,0
7838,0,1
7839,0,1
7840,0,1
7841,1,0
7842,1,1
7843,0,0
7844,1,0
7845,0,1
7846,1,0
7847,1,0
7848,0,0
7849,1,0
7850,1,1
7851,0,0
7852,1,0
7853,0,1
7854,1,1
7855,1,1
7856,0,0
7857,1,0
7858,1,0
7859,0,0
7860,1,1
7861,1,1
7862,1,0
7863,0,1
7864,0,0
7865,0,0
7866,1,1
7867,1,1
7868,0,1
7869,1,0
7870,1,1
7871,0,0
7872,0,1
7873,1,0
7874,1,0
7875,1,0
7876,1,0
7877,1,1
7878,0,1
7879,1,1
7880,1,1
7881,1,1
7882,1,1
7883,0,0
7884,1,0
7885,1,1
7886,1,0
7887,1,0
7888,0,1
7889,0,0
7890,0,1
7891,0,0
7892,1,1
7893,1,1
7894,1,1
7895,0,0
7896,0,0
7897,1,0
7898,1,1
7899,1,0
7900,1,1
7901,1,0
7902,1,1
7903,0,0
7904,0,0
7905,0,0
7906,0,1
7907,1,1
7908,0,1
7909,0,1
7910,1,1
7911,0,0
7912,0,0
7913,1,0
7914,1,0
7915,1,1
7916,1,1
7917,1,1
7918,1,1
7919,1,1
7920,1,1
7921,1,1
7922,0,0
7923,1,0
7924,1,0
7925,1,0
7926,0,1
7927,0,1
7928,0,0
7929,1,0
7930,1,1
7931,0,0
7932,1,1
7933,1,0
7934,1,1
7935,1,1
7936,0,0
7937,0,0
7938,1,1
7939,1,0
7940,0,0
7941,0,0
7942,1,1
7943,0,1
7944,1,0
7945,1,0
7946,0,1
7947,1,1
7948,0,1
7949,1,0
7950,0,0
7951,1,1
7952,1,0
7953,1,0
7954,1,1
7955,0,1
7956,1,1
7957,1,0
7958,0,1
7959,1,1
7960,0,1
7961,0,0
7962,0,1
7963,0,0
7964,1,1
7965,0,1
7966,1,0
7967,0,0
7968,1,0
7969,1,0
7970,1,1
7971,0,1
7972,0,1
7973,1,0
7974,1,1
7975,1,0
7976,0,1
7977,0,0
7978,1,1
7979,1,1
7980,1,0
7981,0,0
7982,1,1
7983,1,0
7984,0,1
7985,0,1
7986,1,1
7987,0,1
7988,1,0
7989,0,1
7990,1,0
7991,1,1
7992,1,1
7993,1,0
7994,1,1
7995,1,0
7996,0,0
7997,0,0
7998,0,0
7999,0,0
8000,1,0
8001,1,1
8002,1,0
8003,1,1
8004,1,0
8005,0,0
8006,1,0
8007,1,1
8008,1,0
8009,1,1
8010,0,0
8011,0,0
8012,1,0
8013,0,0
8014,0,0
8015,0,0
8016,1,0
8017,0,1
8018,0,0
8019,1,0
8020,1,0
8021,0,1
8022,0,0
8023,1,1
8024,1,0
8025,0,1
8026,1,1
8027,1,1
8028,0,1
8029,0,1
8030,0,0
8031,0,1
8032,0,1
8033,0,0
8034,1,0
8035,1,0
8036,1,0
8037,0,0
8038,0,0
8039,1,1
8040,0,0
8041,0,1
8042,1,1
8043,0,1
8044,0,0
8045,1,0
8046,0,0
8047,1,1
8048,1,1
8049,0,0
8050,1,1
8051,0,0
8052,0,1
8053,1,1
8054,1,0
8055,1,0
8056,1,1
8057,0,0
8058,1,0
8059,0,0
8060,1,1
8061,1,0
8062,1,0
8063,0,1
8064,1,1
8065,0,1
8066,0,1
8067,1,1
8068,0,0
8069,0,0
8070,0,0
8071,1,1
8072,0,1
8073,0,0
8074,1,0
8075,1,1
8076,1,1
8077,1,0
8078,1,1
8079,1,1
8080,0,1
8081,0,1
8082,1,1
8083,0,1
8084,0,0
8085,0,0
8086,1,0
8087,0,0
8088,0,0
8089,0,1
8090,0,1
8091,1,1
8092,0,0
8093,1,1
8094,1,0
8095,1,0
8096,0,1
8097,0,1
8098,0,1
8099,1,1
8100,1,0
8101,0,0
8102,1,0
8103,0,0
8104,0,0
8105,0,1
8106,1,0
8107,1,0
8108,1,1
8109,1,0
8110,1,1
8111,1,0
8112,0,0
8113,1,0
8114,1,0
8115,0,0
8116,0,1
8117,1,1
8118,0,1
8119,1,1
8120,0,0
8121,0,1
8122,0,1
8123,0,0
8124,0,0
8125,0,1
8126,1,1
8127,1,0
8128,0,0
8129,1,1
8130,1,1
8131,1,1
8132,0,0
8133,1,1
8134,0,0
8135,0,1
8136,1,1
8137,0,0
8138,1,1
8139,1,1
8140,0,0
8141,0,0
8142,0,1
8143,0,1
8144,0,0
8145,1,0
8146,0,1
8147,0,0
8148,1,1
8149,0,0
8150,1,0
8151,0,0
8152,1,1
8153,1,1
8154,1,1
8155,0,0
8156,1,0
8157,0,1
8158,0,0
8159,1,0
8160,1,1
8161,0,0
8162,1,0
8163,0,1
8164,1,1
8165,1,1
8166,1,0
8167,1,0
8168,0,0
8169,0,1
8170,0,0
8171,0,1
8172,1,0
8173,0,0
8174,1,1
8175,1,0
8176,1,1
8177,0,0
8178,1,1
8179,1,0
8180,0,1
8181,0,1
8182,1,0
8183,0,1
8184,1,0
8185,1,1
8186,0,1
8187,0,0
8188,1,0
8189,1,1
8190,1,0
8191,0,1
8192,1,0
8193,0,0
8194,0,1
8195,1,0
8196,0,0
8197,0,0
8198,1,0
8199,1,1
8200,0,1
8201,1,1
8202,1,1
8203,1,1
8204,0,0
8205,0,0
8206,0,0
8207,0,0
8208,1,0
8209,0,1
8210,0,1
8211,0,0
8212,0,1
8213,1,1
8214,0,0
8215,0,1
8216,1,1
8217,1,1
8218,1,0
8219,0,1
8220,1,1
8221,0,1
8222,1,0
8223,1,1
8224,0,1
8225,1,1
8226,0,0
8227,0,0
8228,1,0
8229,0,1
8230,1,0
8231,0,1
8232,1,1
8233,0,1
8234,1,1
8235,1,1
8236,1,1
8237,1,0
8238,1,1
8239,1,1
8240,1,1
8241,1,0
8242,0,0
8243,1,0
8244,0,0
8245,1,1
8246,1,1
8247,1,0
8248,0,0
8249,1,1
8250,0,1
8251,0,0
8252,0,0
8253,1,0
8254,0,1
8255,1,0
8256,0,1
8257,1,1
8258,1,1
8259,1,1
8260,1,0
8261,1,1
8262,0,0
8263,1,0
8264,1,1
8265,0,0
8266,0,1
8267,1,1
8268,1,1
8269,0,1
8270,1,1
8271,1,0
8272,0,0
8273,1,0
8274,0,0
8275,0,1
8276,1,1
8277,0,1
8278,0,0
8279,0,1
8280,1,1
8281,0,0
8282,1,1
8283,0,1
8284,0,1
8285,1,1
8286,1,1
8287,1,1
8288,0,0
8289,1,1
8290,0,0
8291,1,0
8292,1,0
8293,1,1
8294,1,0
8295,1,0
8296,0,0
8297,0,0
8298,0,0
8299,0,1
8300,0,1
8301,0,1
8302,0,1
8303,1,0
8304,0,1
8305,1,1
8306,0,1
8307,1,1
8308,0,1
8309,1,1
8310,1,0
8311,0,0
8312,1,1
8313,1,0
8314,1,1
8315,1,0
8316,1,1
8317,0,0
8318,0,0
8319,1,0
8320,0,0
8321,0,0
8322,1,1
8323,0,0
8324,0,0
8325,1,0
8326,0,1
8327,0,0
8328,0,1
8329,0,0
8330,0,0
8331,1,1
8332,0,0
8333,0,1
8334,0,1
8335,0,1
8336,0,0
8337,0,0
8338,1,0
8339,1,0
8340,1,1
8341,1,1
8342,1,0
8343,1,0
8344,0,0
8345,1,1
8346,0,0
8347,0,1
8348,1,1
8349,0,1
8350,0,1
8351,1,0
8352,0,0
8353,1,1
8354,1,0
8355,0,0
8356,1,1
8357,0,0
8358,0,1
8359,0,1
8360,1,0
8361,1,0
8362,0,0
8363,0,0
8364,0,0
8365,0,1
8366,1,1
8367,0,0
8368,0,1
8369,1,0
8370,1,1
8371,0,0
8372,1,0
8373,1,1
8374,0,1
8375,1,1
8376,0,0
8377,0,1
8378,1,0
8379,1,0
8380,1,1
8381,0,1
8382,0,0
8383,0,0
8384,0,0
8385,1,1
8386,1,0
8387,0,1
8388,1,1
8389,1,1
8390,0,1
8391,0,1
8392,1,1
8393,1,0
8394,0,0
8395,1,0
8396,1,0
8397,1,0
8398,1,0
8399,1,0
8400,0,0
8401,1,1
8402,1,1
8403,0,0
8404,1,1
8405,0,0
8406,0,1
8407,0,0
8408,0,1
8409,0,0
8410,1,0
8411,0,0
8412,1,0
8413,0,0
8414,1,0
8415,0,0
8416,1,0
8417,1,0
8418,0,1
8419,0,0
8420,1,0
8421,0,0
8422,0,0
8423,0,1
8424,0,0
8425,0,1
8426,1,1
8427,0,1
8428,1,1
8429,1,1
8430,1,1
8431,1,1
8432,1,0
8433,0,1
8434,1,1
8435,1,1
8436,1,1
8437,0,1
8438,0,0
8439,1,1
8440,0,0
8441,0,1
8442,0,1
8443,1,0
8444,1,1
8445,1,1
8446,0,0
8447,1,0
8448,1,1
8449,0,0
8450,0,1
8451,1,0
8452,0,1
8453,0,0
8454,0,0
8455,0,1
8456,1,0
8457,1,1
8458,1,0
8459,1,1
8460,0,0
8461,1,1
8462,1,0
8463,0,1
8464,1,1
8465,0,1
8466,0,0
8467,1,1
8468,0,1
8469,1,0
8470,0,0
8471,0,1
8472,0,0
8473,1,1
8474,0,0
8475,0,1
8476,1,0
8477,0,0
8478,1,0
8479,1,1
8480,1,0
8481,0,0
8482,0,1
8483,1,0
8484,1,1
8485,0,1
8486,1,1
8487,1,0
8488,1,1
8489,1,0
8490,0,0
8491,1,1
8492,1,1
8493,1,0
8494,0,0
8495,0,0
8496,0,0
8497,1,0
8498,0,0
8499,0,0
8500,0,0
8501,0,0
8502,0,1
8503,1,0
8504,1,0
8505,1,0
8506,0,1
8507,1,1
8508,1,1
8509,1,1
8510,1,1
8511,0,1
8512,1,0
8513,1,1
8514,1,0
8515,1,0
8516,1,1
8517,0,0
8518,1,0
8519,0,0
8520,1,1
8521,0,0
8522,1,0
8523,0,1
8524,0,0
8525,1,0
8526,1,1
8527,1,1
8528,1,1
8529,0,1
8530,1,1
8531,0,1
8532,0,1
8533,1,1
8534,0,0
8535,1,0
8536,0,0
8537,0,0
8538,0,0
8539,1,1
8540,0,0
8541,0,0
8542,0,1
8543,0,0
8544,0,1
8545,0,1
8546,0,0
8547,0,0
8548,0,0
8549,1,1
8550,1,1
8551,1,0
8552,1,0
8553,1,1
8554,0,1
8555,1,0
8556,0,0
8557,1,1
8558,0,0
8559,1,1
8560,0,1
8561,1,0
8562,1,0
8563,1,0
8564,1,1
8565,1,0
8566,1,1
8567,1,0
8568,1,0
8569,1,1
8570,0,1
8571,0,1
8572,0,1
8573,1,0
8574,0,0
8575,1,1
8576,1,0
8577,0,1
8578,1,0
8579,0,1
8580,0,1
8581,1,0
8582,1,1
8583,0,0
8584,1,1
8585,0,0
8586,0,0
8587,1,1
8588,1,0
8589,1,1
8590,0,0
8591,1,0
8592,0,0
8593,1,1
8594,1,0
8595,0,0
8596,0,1
8597,1,1
8598,0,0
8599,1,0
8600,1,1
8601,1,1
8602,0,1
8603,1,1
8604,1,1
8605,1,1
8606,0,0
8607,0,1
8608,0,0
8609,1,0
8610,0,0
8611,0,1
8612,1,0
8613,1,1
8614,0,1
8615,1,1
8616,1,1
8617,1,1
8618,0,1
8619,1,0
8620,1,1
8621,1,1
8622,0,0
8623,0,0
8624,0,1
8625,0,0
8626,1,1
8627,0,1
8628,0,1
8629,1,1
8630,0,1
8631,0,0
8632,1,0
8633,1,1
8634,0,0
8635,1,0
8636,1,0
8637,1,0
8638,0,1
8639,0,1
8640,0,1
8641,0,0
8642,0,1
8643,0,1
8644,1,1
8645,0,0
8646,1,0
8647,0,1
8648,0,1
8649,0,0
8650,1,1
8651,0,0
8652,1,0
8653,0,0
8654,1,0
8655,1,0
8656,0,0
8657,1,1
8658,1,0
8659,0,0
8660,1,0
8661,0,1
8662,1,1
8663,1,0
8664,1,1
8665,0,0
8666,0,0
8667,0,1
8668,1,1
8669,1,1
8670,0,0
8671,1,1
8672,1,0
8673,0,0
8674,1,0
8675,1,0
8676,1,1
8677,1,1
8678,0,1
8679,0,1
8680,0,0
8681,1,0
8682,0,0
8683,0,1
8684,0,0
8685,0,0
8686,0,0
8687,1,1
8688,0,0
8689,1,0
8690,1,0
8691,1,1
8692,0,0
8693,1,0
8694,0,0
8695,0,1
8696,1,0
8697,0,1
8698,0,1
8699,0,0
8700,1,0
8701,1,1
8702,0,1
8703,1,1
8704,0,0
8705,1,0
8706,1,0
8707,1,1
8708,0,1
8709,1,0
8710,1,0
8711,1,1
8712,1,0
8713,1,1
8714,1,1
8715,0,0
8716,0,1
8717,0,0
8718,1,1
8719,1,1
8720,1,1
8721,1,1
8722,0,0
8723,0,1
8724,1,0
8725,1,1
8726,1,0
8727,0,1
8728,0,1
8729,0,1
8730,0,0
8731,1,0
8732,0,1
8733,0,1
8734,1,1
8735,1,0
8736,1,0
8737,1,1
8738,0,1
8739,1,1
8740,1,0
8741,0,1
8742,0,1
8743,1,0
8744,0,1
8745,0,0
8746,0,0
8747,0,1
8748,1,0
8749,1,0
8750,1,0
8751,1,0
8752,0,1
8753,0,1
8754,1,0
8755,0,1
8756,0,0
8757,1,0
8758,0,1
8759,0,0
8760,0,0
8761,0,1
8762,1,0
8763,0,1
8764,1,1
8765,0,0
8766,0,0
8767,1,1
8768,0,1
8769,1,1
8770,0,1
8771,0,0
8772,0,0
8773,1,0
8774,0,0
8775,1,0
8776,0,1
8777,1,0
8778,1,1
8779,1,1
8780,0,1
8781,0,0
8782,1,1
8783,0,1
8784,0,0
8785,1,1
8786,0,1
8787,1,0
8788,0,1
8789,0,1
8790,0,1
8791,1,0
8792,1,1
8793,0,1
8794,0,1
8795,1,0
8796,1,1
8797,0,1
8798,1,1
8799,0,1
8800,0,1
8801,1,1
8802,1,1
8803,0,0
8804,1,0
8805,0,1
8806,1,1
8807,0,0
8808,1,0
8809,0,1
8810,0,1
8811,0,0
8812,0,1
8813,1,1
8814,1,0
8815,1,1
8816,1,0
8817,1,1
8818,1,0
8819,1,1
8820,1,1
8821,0,0
8822,0,0
8823,1,1
8824,0,1
8825,1,0
8826,0,1
8827,0,0
8828,1,0
8829,1,1
8830,1,1
8831,1,1
8832,1,1
8833,1,1
8834,0,1
8835,0,1
8836,0,0
8837,1,0
8838,0,1
8839,0,0
8840,1,0
8841,0,1
8842,0,1
8843,0,0
8844,0,1
8845,1,0
8846,1,1
8847,1,1
8848,0,0
8849,0,1
8850,0,1
8851,0,1
8852,0,1
8853,0,0
8854,0,0
8855,1,0
8856,1,1
8857,1,1
8858,0,1
8859,1,0
8860,0,0
8861,0,1
8862,1,0
8863,0,0
8864,1,0
8865,0,1
8866,0,1
8867,1,1
8868,0,1
8869,1,0
8870,0,1
8871,1,0
8872,1,1
8873,1,0
8874,1,1
8875,1,0
8876,1,1
8877,1,1
8878,1,1
8879,0,1
8880,0,1
8881,1,1
8882,0,1
8883,0,1
8884,1,0
8885,1,0
8886,0,1
8887,1,0
8888,1,1
8889,0,0
8890,1,0
8891,0,1
8892,1,0
8893,1,1
8894,0,0
8895,1,1
8896,0,1
8897,0,0
8898,1,0
8899,1,1
8900,1,1
8901,1,1
8902,0,1
8903,0,0
8904,1,1
8905,0,1
8906,1,1
8907,0,0
8908,0,0
8909,1,1
8910,0,0
8911,0,0
8912,1,0
8913,1,0
8914,1,1
8915,1,0
8916,0,1
8917,0,1
8918,0,0
8919,1,1
8920,1,0
8921,0,1
8922,0,0
8923,1,1
8924,1,1
8925,1,0
8926,1,0
8927,0,0
8928,1,1
8929,0,0
8930,1,0
8931,1,1
8932,0,0
8933,1,0
8934,0,1
8935,1,0
8936,1,0
8937,0,1
8938,0,1
8939,0,0
8940,0,1
8941,1,1
8942,0,1
8943,1,1
8944,1,1
8945,1,0
8946,0,0
8947,0,0
8948,1,1
8949,0,1
8950,0,0
8951,1,0
8952,1,1
8953,0,1
8954,0,0
8955,1,1
8956,1,1
8957,1,1
8958,0,1
8959,0,0
8960,0,1
8961,1,1
8962,0,1
8963,1,0
8964,1,1
8965,1,1
8966,1,0
8967,0,0
8968,1,0
8969,0,0
8970,0,1
8971,0,1
8972,0,1
8973,0,1
8974,0,0
8975,1,0
8976,0,0
8977,1,1
8978,1,1
8979,1,0
8980,0,0
8981,0,1
8982,1,0
8983,1,1
8984,0,0
8985,1,0
8986,0,1
8987,0,1
8988,0,0
8989,0,1
8990,1,1
8991,1,0
8992,0,1
8993,0,1
8994,0,0
8995,0,0
8996,0,1
8997,1,1
8998,0,1
8999,1,0
9000,0,1
9001,0,1
9002,1,1
9003,1,1
9004,1,0
9005,1,1
9006,1,1
9007,1,0
9008,0,1
9009,1,1
9010,1,0
9011,1,1
9012,1,0
9013,1,0
9014,1,0
9015,1,1
9016,1,1
9017,1,0
9018,0,0
9019,1,0
9020,1,1
9021,0,1
9022,0,0
9023,0,1
9024,1,1
9025,1,0
9026,0,0
9027,1,1
9028,1,0
9029,1,0
9030,1,0
9031,1,1
9032,0,0
9033,0,1
9034,0,0
9035,1,0
9036,1,0
9037,0,0
9038,1,1
9039,1,0
9040,0,1
9041,1,1
9042,0,1
9043,1,1
9044,1,0
9045,1,1
9046,0,1
9047,0,0
9048,1,0
9049,0,1
9050,0,0
9051,1,0
9052,0,0
9053,0,0
9054,1,1
9055,1,0
9056,0,1
9057,0,1
9058,0,1
9059,0,0
9060,1,0
9061,1,0
9062,0,0
9063,0,1
9064,0,1
9065,1,0
9066,0,0
9067,1,0
9068,0,0
9069,1,0
9070,0,1
9071,1,0
9072,1,0
9073,1,0
9074,0,1
9075,1,0
9076,0,0
9077,1,0
9078,0,0
9079,0,1
9080,0,0
9081,0,0
9082,1,0
9083,1,1
9084,0,0
9085,1,0
9086,1,1
9087,1,0
9088,1,1
9089,1,0
9090,0,0
9091,0,1
9092,1,1
9093,0,0
9094,1,1
9095,1,0
9096,1,1
9097,1,0
9098,0,1
9099,0,1
9100,0,0
9101,0,1
9102,1,1
9103,0,1
9104,1,1
9105,0,1
9106,0,1
9107,1,1
9108,1,1
9109,0,1
9110,1,1
9111,0,1
9112,1,1
9113,0,0
9114,0,1
9115,1,0
9116,0,0
9117,0,1
9118,0,1
9119,1,0
9120,1,1
9121,1,1
9122,1,0
9123,0,1
9124,0,1
9125,1,1
9126,0,0
9127,1,0
9128,0,1
9129,1,0
9130,1,0
9131,1,0
9132,1,1
9133,0,1
9134,0,0
9135,1,0
9136,0,1
9137,0,0
9138,1,0
9139,1,0
9140,1,1
9141,1,1
9142,1,0
9143,0,0
9144,0,0
9145,1,0
9146,0,1
9147,0,0
9148,0,1
9149,1,1
9150,1,0
9151,0,1
9152,1,0
9153,1,0
9154,1,1
9155,0,0
9156,0,0
9157,1,0
9158,0,0
9159,0,0
9160,1,1
9161,0,1
9162,1,0
9163,0,1
9164,1,0
9165,0,0
9166,0,1
9167,0,1
9168,1,0
9169,0,1
9170,1,1
9171,0,0
9172,0,0
9173,1,1
9174,1,0
9175,1,1
9176,0,1
9177,0,1
9178,1,0
9179,1,0
9180,0,0
9181,0,1
9182,1,1
9183,0,1
9184,0,0
9185,1,1
9186,1,1
9187,1,0
9188,0,0
9189,1,0
9190,1,0
9191,0,1
9192,1,0
9193,1,1
9194,1,1
9195,1,0
9196,1,0
9197,0,0
9198,1,0
9199,0,1
9200,1,0
9201,1,1
9202,1,0
9203,1,0
9204,1,1
9205,0,1
9206,1,0
9207,0,0
9208,0,1
9209,1,1
9210,0,1
9211,1,1
9212,1,0
9213,1,0
9214,1,0
9215,1,0
9216,1,0
9217,0,1
9218,0,1
9219,0,0
9220,0,0
9221,1,1
9222,0,1
9223,1,0
9224,0,1
9225,1,1
9226,1,0
9227,0,1
9228,1,0
9229,0,1
9230,1,1
9231,0,0
9232,0,1
9233,1,0
9234,0,0
9235,0,1
9236,1,0
9237,0,1
9238,1,0
9239,0,1
9240,1,1
9241,0,1
9242,1,1
9243,1,0
9244,0,1
9245,0,0
9246,0,0
9247,1,0
9248,0,0
9249,1,1
9250,1,0
9251,0,0
9252,0,1
9253,1,1
9254,0,0
9255,0,0
9256,1,0
9257,1,0
9258,1,1
9259,1,1
9260,0,0
9261,1,0
9262,0,1
9263,1,1
9264,1,0
9265,0,0
9266,1,0
9267,0,0
9268,0,0
9269,1,0
9270,1,1
9271,0,1
9272,0,0
9273,1,0
9274,1,0
9275,1,0
9276,0,1
9277,0,0
9278,1,1
9279,0,0
9280,1,1
9281,0,1
9282,1,0
9283,1,1
9284,0,0
9285,1,0
9286,0,0
9287,1,1
9288,1,1
9289,1,1
9290,1,0
9291,0,1
9292,0,1
9293,0,1
9294,1,0
9295,1,1
9296,0,1
9297,0,1
9298,1,0
9299,0,0
9300,0,1
9301,1,0
9302,1,1
9303,0,0
9304,1,1
9305,1,1
9306,0,1
9307,1,0
9308,1,0
9309,0,1
9310,0,1
9311,1,0
9312,0,0
9313,0,1
9314,1,0
9315,0,0
9316,0,1
9317,1,0
9318,1,1
9319,0,1
9320,1,1
9321,0,0
9322,1,0
9323,0,0
9324,0,1
9325,0,1
9326,1,1
9327,1,0
9328,1,0
9329,1,0
9330,0,0
9331,1,1
9332,1,1
9333,0,1
9334,1,0
9335,0,1
9336,1,1
9337,0,1
9338,1,1
9339,0,1
9340,0,1
9341,0,0
9342,1,0
9343,0,0
9344,0,0
9345,1,0
9346,1,0
9347,0,0
9348,1,0
9349,1,0
9350,1,1
9351,0,0
9352,1,1
9353,0,0
9354,0,0
9355,0,1
9356,1,0
9357,0,1
9358,0,0
9359,1,0
9360,1,0
9361,1,0
9362,1,0
9363,0,0
9364,0,0
9365,0,0
9366,1,1
9367,0,0
9368,0,0
9369,0,1
9370,0,0
9371,1,1
9372,1,0
9373,0,1
9374,0,0
9375,1,1
9376,0,0
9377,0,1
9378,0,0
9379,0,0
9380,0,1
9381,1,1
9382,0,1
9383,1,1
9384,1,0
9385,1,0
9386,1,0
9387,0,0
9388,0,1
9389,0,1
9390,0,0
9391,0,0
9392,0,1
9393,0,0
9394,0,1
9395,1,1
9396,1,0
9397,1,0
9398,0,1
9399,0,0
9400,1,0
9401,1,1
9402,1,0
9403,1,1
9404,0,1
9405,0,0
9406,0,0
9407,1,1
9408,1,0
9409,1,0
9410,1,1
9411,0,1
9412,1,0
9413,1,0
9414,0,0
9415,1,1
9416,0,0
9417,1,1
9418,1,0
9419,0,1
9420,0,0
9421,0,0
9422,1,0
9423,0,0
9424,1,1
9425,0,1
9426,1,1
9427,0,1
9428,0,0
9429,0,0
9430,0,0
9431,1,1
9432,1,1
9433,1,1
9434,1,1
9435,1,0
9436,0,1
9437,1,1
9438,0,1
9439,1,1
9440,0,1
9441,1,0
9442,1,1
9443,1,0
9444,1,0
9445,1,1
9446,1,0
9447,0,1
9448,0,0
9449,1,1
9450,1,0
9451,0,0
9452,1,0
9453,1,0
9454,1,0
9455,0,0
9456,0,0
9457,1,1
9458,1,0
9459,0,0
9460,1,1
9461,0,1
9462,1,1
9463,0,0
9464,0,1
9465,1,1
9466,0,1
9467,1,1
9468,0,1
9469,1,0
9470,1,0
9471,0,1
9472,1,0
9473,1,0
9474,1,0
9475,1,0
9476,0,0
9477,1,1
9478,0,1
9479,0,1
9480,1,0
9481,1,1
9482,0,0
9483,0,1
9484,0,1
9485,1,1
9486,1,0
9487,0,1
9488,0,0
9489,1,1
9490,1,0
9491,1,1
9492,1,1
9493,1,0
9494,0,1
9495,1,1
9496,1,0
9497,1,1
9498,0,1
9499,0,1
9500,1,0
9501,1,1
9502,1,0
9503,0,0
9504,0,1
9505,0,0
9506,0,1
9507,1,0
9508,1,0
9509,1,1
9510,0,0
9511,1,0
9512,0,1
9513,0,0
9514,0,1
9515,1,0
9516,1,0
9517,1,1
9518,1,1
9519,0,1
9520,0,1
9521,1,1
9522,0,1
9523,0,1
9524,1,0
9525,0,0
9526,1,1
9527,0,1
9528,0,0
9529,1,1
9530,0,1
9531,1,1
9532,0,0
9533,1,0
9534,1,0
9535,1,1
9536,1,0
9537,1,0
9538,1,0
9539,0,0
9540,1,0
9541,0,0
9542,0,1
9543,1,0
9544,0,0
9545,0,1
9546,0,0
9547,1,0
9548,0,0
9549,1,0
9550,1,0
9551,0,0
9552,1,1
9553,0,1
9554,1,1
9555,1,1
9556,1,1
9557,1,1
9558,1,1
9559,1,1
9560,0,0
9561,0,1
9562,1,1
9563,1,1
9564,1,0
9565,1,0
9566,1,1
9567,1,0
9568,1,1
9569,1,0
9570,1,0
9571,1,1
9572,0,0
9573,0,1
9574,1,0
9575,0,1
9576,0,0
9577,0,1
9578,0,0
9579,0,1
9580,1,1
9581,0,1
9582,0,0
9583,1,0
9584,0,1
9585,1,1
9586,0,1
9587,0,1
9588,0,0
9589,0,0
9590,1,0
9591,0,1
9592,0,0
9593,0,1
9594,1,0
9595,1,0
9596,0,0
9597,0,0
9598,0,1
9599,1,0
9600,1,0
9601,1,1
9602,0,1
9603,0,1
9604,1,0
9605,1,1
9606,1,0
9607,0,0
9608,1,1
9609,1,0
9610,0,1
9611,1,1
9612,1,0
9613,0,1
9614,1,1
9615,0,1
9616,1,0
9617,0,1
9618,0,1
9619,0,0
9620,0,1
9621,1,0
9622,1,0
9623,0,0
9624,0,1
9625,1,1
9626,0,1
9627,1,0
9628,0,1
9629,0,0
9630,1,0
9631,1,1
9632,0,0
9633,1,1
9634,1,0
9635,0,1
9636,1,1
9637,0,0
9638,1,1
9639,1,1
9640,1,0
9641,1,0
9642,1,1
9643,1,1
9644,0,0
9645,0,1
9646,1,1
9647,1,0
9648,1,1
9649,1,1
9650,0,1
9651,1,0
9652,0,1
9653,1,0
9654,0,0
9655,0,0
9656,1,0
9657,0,0
9658,0,0
9659,1,1
9660,1,1
9661,0,0
9662,1,0
9663,0,0
9664,1,1
9665,1,0
9666,1,1
9667,0,1
9668,1,1
9669,0,1
9670,1,1
9671,1,0
9672,1,0
9673,1,1
9674,1,1
9675,1,1
9676,1,0
9677,0,1
9678,1,1
9679,1,1
9680,1,0
9681,1,0
9682,1,1
9683,1,1
9684,1,0
9685,0,0
9686,1,1
9687,0,1
9688,1,1
9689,0,0
9690,0,1
9691,1,0
9692,0,1
9693,1,1
9694,0,0
9695,0,1
9696,0,0
9697,1,1
9698,0,0
9699,1,0
9700,1,0
9701,1,1
9702,0,1
9703,1,0
9704,0,0
9705,0,0
9706,1,0
9707,1,0
9708,1,1
9709,1,0
9710,0,0
9711,0,1
9712,1,1
9713,1,1
9714,0,0
9715,1,0
9716,1,0
9717,1,1
9718,1,0
9719,1,0
9720,1,1
9721,0,0
9722,0,0
9723,1,0
9724,1,1
9725,0,1
9726,1,0
9727,0,1
9728,1,1
9729,1,0
9730,1,0
9731,0,0
9732,0,0
9733,1,1
9734,1,1
9735,1,1
9736,0,1
9737,0,0
9738,1,0
9739,1,0
9740,0,1
9741,1,1
9742,0,1
9743,0,0
9744,0,1
9745,0,1
9746,0,1
9747,0,0
9748,0,0
9749,1,1
9750,0,1
9751,0,0
9752,1,1
9753,1,0
9754,0,1
9755,0,0
9756,0,0
9757,1,0
9758,0,1
9759,0,0
9760,0,1
9761,1,0
9762,1,0
9763,1,1
9764,1,0
9765,1,0
9766,1,1
9767,1,0
9768,1,1
9769,0,1
9770,0,1
9771,0,0
9772,1,0
9773,1,1
9774,0,0
9775,1,1
9776,0,0
9777,0,0
9778,0,1
9779,0,0
9780,0,0
9781,0,0
9782,1,1
9783,0,1
9784,1,1
9785,1,1
9786,1,1
9787,1,1
9788,0,0
9789,0,0
9790,1,1
9791,0,1
9792,1,1
9793,1,0
9794,0,1
9795,0,0
9796,0,0
9797,1,0
9798,0,1
9799,1,0
9800,1,1
9801,0,1
9802,1,1
9803,1,1
9804,1,1
9805,1,0
9806,1,0
9807,0,0
9808,1,1
9809,1,0
9810,1,1
9811,1,1
9812,0,1
9813,0,1
9814,0,0
9815,1,0
9816,1,1
9817,1,1
9818,1,0
9819,1,0
9820,0,0
9821,1,0
9822,0,1
9823,1,0
9824,1,1
9825,1,1
9826,1,1
9827,1,1
9828,1,0
9829,1,1
9830,0,1
9831,0,0
9832,0,0
9833,0,1
9834,0,1
9835,0,1
9836,0,1
9837,0,1
9838,0,1
9839,0,1
9840,1,1
9841,0,1
9842,1,0
9843,1,1
9844,0,1
9845,0,1
9846,1,1
9847,1,1
9848,1,1
9849,0,1
9850,0,1
9851,0,1
9852,1,1
9853,0,0
9854,0,0
9855,1,0
9856,1,1
9857,0,1
9858,0,0
9859,0,1
9860,0,1
9861,1,1
9862,0,1
9863,0,1
9864,1,0
9865,0,0
9866,0,0
9867,1,0
9868,0,0
9869,0,0
9870,0,0
9871,0,1
9872,1,0
9873,1,0
9874,0,1
9875,1,0
9876,1,1
9877,1,1
9878,0,1
9879,0,1
9880,0,0
9881,0,1
9882,1,0
9883,0,0
9884,0,0
9885,1,0
9886,0,1
9887,0,0
9888,0,1
9889,0,1
9890,1,0
9891,1,1
9892,0,1
9893,0,0
9894,0,1
9895,0,1
9896,0,0
9897,0,1
9898,0,1
9899,1,0
9900,1,1
9901,1,0
9902,0,0
9903,0,0
9904,0,1
9905,0,1
9906,0,1
9907,1,1
9908,1,0
9909,0,0
9910,0,0
9911,1,0
9912,1,0
9913,0,0
9914,0,0
9915,0,1
9916,0,1
9917,1,1
9918,1,1
9919,0,0
9920,1,1
9921,0,0
9922,1,0
9923,0,1
9924,1,0
9925,0,1
9926,1,0
9927,1,0
9928,1,1
9929,1,0
9930,0,0
9931,1,0
9932,1,0
9933,1,0
9934,1,1
9935,1,1
9936,1,0
9937,0,1
9938,1,0
9939,1,0
9940,0,0
9941,1,1
9942,1,1
9943,0,1
9944,0,0
9945,0,1
9946,0,0
9947,1,0
9948,0,0
9949,0,1
9950,0,1
9951,1,0
9952,0,1
9953,0,0
9954,0,0
9955,0,0
9956,0,0
9957,0,0
9958,1,0
9959,0,0
9960,1,1
9961,1,1
9962,1,1
9963,0,0
9964,1,1
9965,0,0
9966,0,1
9967,1,0
9968,1,1
9969,0,1
9970,1,0
9971,1,0
9972,1,1
9973,0,0
9974,1,0
9975,0,1
9976,0,1
9977,0,1
9978,0,1
9979,1,1
9980,1,1
9981,1,1
9982,0,0
9983,1,0
9984,0,1
9985,0,1
9986,0,0
9987,1,0
9988,1,0
9989,0,1
9990,1,0
9991,1,1
9992,0,0
9993,0,1
9994,1,1
9995,1,1
9996,1,1
9997,0,1
9998,1,0
9999,1,1
